Player,Pos,Age,Tm,G,GS,MP,FG,FGA,FG%,3P,3PA,3P%,2P,2PA,2P%,eFG%,FT,FTA,FT%,ORB,DRB,TRB,AST,STL,BLK,TOV,PF,PTS
James Harden,SG,30,HOU,68.0,68.0,36.5,9.9,22.3,0.444,4.4,12.4,0.355,5.5,9.9,0.556,0.543,10.2,11.8,0.865,1.0,5.5,6.6,7.5,1.8,0.9,4.5,3.3,34.3
Bradley Beal,SG,26,WAS,57.0,57.0,36.0,10.4,22.9,0.455,3.0,8.4,0.353,7.4,14.4,0.515,0.52,6.8,8.0,0.842,0.9,3.3,4.2,6.1,1.2,0.4,3.4,2.2,30.5
Damian Lillard,PG,29,POR,66.0,66.0,37.5,9.5,20.4,0.463,4.1,10.2,0.401,5.4,10.2,0.524,0.563,7.0,7.8,0.888,0.5,3.8,4.3,8.0,1.1,0.3,2.9,1.7,30.0
Trae Young,PG,21,ATL,60.0,60.0,35.3,9.1,20.8,0.437,3.4,9.5,0.361,5.7,11.4,0.501,0.519,8.0,9.3,0.86,0.5,3.7,4.3,9.3,1.1,0.1,4.8,1.7,29.6
Giannis Antetokounmpo,PF,25,MIL,63.0,63.0,30.4,10.9,19.7,0.553,1.4,4.7,0.304,9.5,15.0,0.631,0.589,6.3,10.0,0.633,2.2,11.4,13.6,5.6,1.0,1.0,3.7,3.1,29.5
Luka Dončić,PG,20,DAL,61.0,61.0,33.6,9.5,20.6,0.463,2.8,8.9,0.316,6.7,11.7,0.574,0.531,7.0,9.2,0.758,1.3,8.1,9.4,8.8,1.0,0.2,4.3,2.5,28.8
Kyrie Irving,PG,27,BRK,20.0,20.0,32.9,10.0,20.8,0.478,2.8,7.1,0.394,7.2,13.7,0.522,0.546,4.7,5.1,0.922,1.1,4.1,5.2,6.4,1.4,0.5,2.6,2.7,27.4
Russell Westbrook,PG,31,HOU,57.0,57.0,35.9,10.6,22.5,0.472,1.0,3.7,0.258,9.6,18.7,0.514,0.493,5.1,6.7,0.763,1.8,6.2,7.9,7.0,1.6,0.4,4.5,3.5,27.2
Kawhi Leonard,SF,28,LAC,57.0,57.0,32.4,9.3,19.9,0.47,2.2,5.7,0.378,7.2,14.2,0.506,0.524,6.2,7.1,0.886,0.9,6.1,7.1,4.9,1.8,0.6,2.6,2.0,27.1
Devin Booker,SG,23,PHO,70.0,70.0,35.9,9.0,18.3,0.489,2.0,5.7,0.354,6.9,12.6,0.549,0.544,6.7,7.3,0.919,0.4,3.8,4.2,6.5,0.7,0.3,3.8,3.0,26.6
Karl-Anthony Towns,C,24,MIN,35.0,35.0,33.9,9.0,17.8,0.508,3.3,7.9,0.412,5.8,9.9,0.586,0.6,5.1,6.5,0.796,2.7,8.1,10.8,4.4,0.9,1.2,3.1,3.3,26.5
Anthony Davis,PF,26,LAL,62.0,62.0,34.4,8.9,17.7,0.503,1.2,3.5,0.33,7.7,14.2,0.546,0.536,7.2,8.5,0.846,2.3,7.0,9.3,3.2,1.5,2.3,2.5,2.5,26.1
Zach LaVine,SG,24,CHI,60.0,60.0,34.8,9.0,20.0,0.45,3.1,8.1,0.38,5.9,11.9,0.497,0.526,4.5,5.6,0.802,0.7,4.1,4.8,4.2,1.5,0.5,3.4,2.2,25.5
LeBron James,PG,35,LAL,67.0,67.0,34.6,9.6,19.4,0.493,2.2,6.3,0.348,7.4,13.1,0.564,0.55,3.9,5.7,0.693,1.0,6.9,7.8,10.2,1.2,0.5,3.9,1.8,25.3
Donovan Mitchell,SG,23,UTA,69.0,69.0,34.3,8.7,19.4,0.449,2.5,6.9,0.366,6.2,12.6,0.494,0.513,4.0,4.7,0.863,0.8,3.6,4.4,4.3,1.0,0.2,2.7,2.5,24.0
Brandon Ingram,PF,22,NOP,62.0,62.0,33.9,8.2,17.7,0.463,2.4,6.2,0.391,5.8,11.5,0.501,0.531,5.0,5.9,0.851,0.8,5.3,6.1,4.2,1.0,0.6,3.0,2.9,23.8
D'Angelo Russell,PG,23,GSW,33.0,33.0,32.1,8.3,19.2,0.43,3.6,9.7,0.374,4.6,9.5,0.487,0.524,3.4,4.4,0.785,0.4,3.3,3.7,6.2,0.9,0.3,3.1,1.9,23.6
Jayson Tatum,PF,21,BOS,66.0,66.0,34.3,8.4,18.6,0.45,2.9,7.1,0.403,5.5,11.5,0.48,0.527,3.8,4.7,0.812,1.0,6.0,7.0,3.0,1.4,0.9,2.3,2.1,23.4
D'Angelo Russell,PG,23,TOT,45.0,45.0,32.3,8.0,18.8,0.426,3.5,9.6,0.367,4.5,9.2,0.487,0.519,3.6,4.4,0.809,0.4,3.6,3.9,6.3,1.1,0.3,3.3,1.9,23.1
Joel Embiid,C,25,PHI,51.0,51.0,29.5,7.5,15.7,0.477,1.1,3.4,0.331,6.4,12.3,0.517,0.512,6.9,8.5,0.807,2.8,8.9,11.6,3.0,0.9,1.3,3.1,3.4,23.0
Pascal Siakam,PF,25,TOR,60.0,60.0,35.2,8.3,18.4,0.453,2.2,6.1,0.359,6.2,12.3,0.499,0.512,4.0,5.1,0.792,1.1,6.3,7.3,3.5,1.0,0.9,2.5,2.8,22.9
Zion Williamson,PF,19,NOP,24.0,24.0,27.8,8.8,15.0,0.583,0.3,0.6,0.429,8.5,14.4,0.59,0.592,4.8,7.4,0.64,2.7,3.6,6.3,2.1,0.7,0.4,2.5,1.8,22.5
Andrew Wiggins,SF,24,MIN,42.0,42.0,34.6,8.4,18.8,0.444,2.2,6.5,0.331,6.2,12.3,0.505,0.502,3.5,4.9,0.72,1.1,4.1,5.2,3.7,0.7,0.9,2.5,2.4,22.4
CJ McCollum,SG,28,POR,70.0,70.0,36.5,8.7,19.4,0.451,2.8,7.3,0.379,6.0,12.1,0.494,0.522,2.0,2.6,0.757,0.7,3.6,4.2,4.4,0.8,0.6,1.8,2.6,22.2
DeMar DeRozan,SF,30,SAS,68.0,68.0,34.1,8.2,15.4,0.531,0.1,0.5,0.257,8.1,14.9,0.54,0.535,5.6,6.6,0.845,0.6,4.9,5.5,5.6,1.0,0.3,2.4,2.6,22.1
Andrew Wiggins,SF,24,TOT,54.0,54.0,34.4,8.1,18.1,0.447,2.1,6.2,0.332,6.0,11.9,0.506,0.504,3.5,5.0,0.709,1.2,3.9,5.1,3.7,0.8,1.0,2.4,2.4,21.8
D'Angelo Russell,PG,23,MIN,12.0,12.0,32.7,7.3,17.6,0.412,3.2,9.2,0.345,4.1,8.4,0.485,0.502,4.0,4.6,0.873,0.3,4.3,4.6,6.6,1.4,0.3,3.8,1.8,21.7
John Collins,PF,22,ATL,41.0,41.0,33.2,8.6,14.8,0.583,1.4,3.6,0.401,7.2,11.2,0.642,0.632,2.9,3.7,0.8,2.8,7.3,10.1,1.5,0.8,1.6,1.8,3.4,21.6
Paul George,SF,29,LAC,48.0,48.0,29.6,7.1,16.3,0.439,3.3,7.9,0.412,3.9,8.4,0.464,0.539,4.0,4.5,0.876,0.5,5.2,5.7,3.9,1.4,0.4,2.6,2.4,21.5
De'Aaron Fox,PG,22,SAC,51.0,49.0,32.0,7.7,16.0,0.48,1.1,3.6,0.292,6.6,12.4,0.535,0.513,4.7,6.7,0.705,0.7,3.2,3.8,6.8,1.5,0.5,3.1,2.8,21.1
Khris Middleton,SF,28,MIL,62.0,59.0,29.9,7.6,15.3,0.497,2.4,5.7,0.415,5.2,9.6,0.546,0.575,3.4,3.7,0.916,0.7,5.5,6.2,4.3,0.9,0.1,2.2,2.3,20.9
Stephen Curry,PG,31,GSW,5.0,5.0,27.8,6.6,16.4,0.402,2.4,9.8,0.245,4.2,6.6,0.636,0.476,5.2,5.2,1.0,0.8,4.4,5.2,6.6,1.0,0.4,3.2,2.2,20.8
Collin Sexton,PG,21,CLE,65.0,65.0,33.0,7.9,16.7,0.472,1.5,3.9,0.38,6.4,12.8,0.501,0.517,3.5,4.1,0.846,0.9,2.2,3.1,3.0,1.0,0.1,2.4,2.2,20.8
Malik Beasley,SG,23,MIN,14.0,14.0,33.1,7.9,16.6,0.472,3.5,8.2,0.426,4.4,8.4,0.517,0.577,1.5,2.0,0.75,0.6,4.4,5.1,1.9,0.6,0.1,1.5,1.9,20.7
Spencer Dinwiddie,PG,26,BRK,64.0,49.0,31.2,6.6,16.0,0.415,1.9,6.3,0.308,4.7,9.7,0.485,0.476,5.4,7.0,0.778,0.5,3.0,3.5,6.8,0.6,0.3,2.7,2.8,20.6
Kristaps Porziņģis,C,24,DAL,57.0,57.0,31.8,7.0,16.4,0.427,2.5,7.1,0.352,4.5,9.3,0.484,0.503,4.0,5.0,0.799,1.8,7.7,9.5,1.8,0.7,2.0,1.6,3.2,20.4
Kemba Walker,PG,29,BOS,56.0,56.0,31.1,6.8,15.9,0.425,3.2,8.4,0.381,3.5,7.4,0.476,0.526,3.7,4.3,0.864,0.6,3.2,3.9,4.8,0.9,0.5,2.1,1.6,20.4
Jaylen Brown,SG,23,BOS,57.0,57.0,33.9,7.5,15.6,0.481,2.3,5.9,0.382,5.2,9.6,0.543,0.554,3.1,4.3,0.724,1.1,5.3,6.4,2.1,1.1,0.4,2.2,2.9,20.3
Bojan Bogdanović,SF,30,UTA,63.0,63.0,33.1,6.6,14.8,0.447,3.0,7.3,0.414,3.6,7.6,0.479,0.548,4.0,4.4,0.903,0.6,3.5,4.1,2.1,0.5,0.1,2.5,1.7,20.2
Nikola Jokić,C,24,DEN,73.0,73.0,32.0,7.7,14.7,0.528,1.1,3.5,0.314,6.6,11.2,0.594,0.565,3.4,4.1,0.817,2.3,7.5,9.7,7.0,1.2,0.6,3.1,3.0,19.9
Jimmy Butler,SF,30,MIA,58.0,58.0,33.8,5.9,13.1,0.455,0.5,2.1,0.244,5.4,11.0,0.495,0.474,7.6,9.1,0.834,1.8,4.8,6.7,6.0,1.8,0.6,2.2,1.4,19.9
T.J. Warren,SF,26,IND,67.0,67.0,32.9,8.0,14.9,0.536,1.4,3.4,0.403,6.6,11.5,0.575,0.581,2.5,3.0,0.819,1.0,3.2,4.2,1.5,1.2,0.5,1.3,2.8,19.8
Tobias Harris,PF,27,PHI,72.0,72.0,34.3,7.7,16.3,0.471,1.8,5.0,0.367,5.9,11.3,0.517,0.527,2.4,3.0,0.806,1.0,5.9,6.9,3.2,0.7,0.6,1.4,2.3,19.6
Nikola Vučević,C,29,ORL,62.0,62.0,32.2,8.0,16.7,0.477,1.6,4.7,0.339,6.4,12.0,0.531,0.525,2.1,2.7,0.784,2.3,8.6,10.9,3.6,0.9,0.8,1.4,2.2,19.6
Marcus Morris,SF,30,NYK,43.0,43.0,32.3,6.5,14.8,0.442,2.7,6.1,0.439,3.8,8.7,0.444,0.533,3.8,4.6,0.823,1.1,4.3,5.4,1.4,0.8,0.4,1.7,3.0,19.6
Julius Randle,PF,25,NYK,64.0,64.0,32.5,7.2,15.7,0.46,1.0,3.6,0.277,6.2,12.1,0.515,0.492,4.0,5.5,0.733,2.4,7.4,9.7,3.1,0.8,0.3,3.0,2.8,19.5
Kyle Lowry,PG,33,TOR,58.0,58.0,36.2,5.8,13.8,0.416,2.8,8.0,0.352,2.9,5.8,0.504,0.518,5.1,5.9,0.857,0.6,4.5,5.0,7.5,1.4,0.4,3.1,3.3,19.4
Andrew Wiggins,SF,24,GSW,12.0,12.0,33.6,7.2,15.7,0.457,1.7,4.9,0.339,5.5,10.8,0.512,0.511,3.4,5.1,0.672,1.5,3.1,4.6,3.6,1.3,1.4,2.1,2.2,19.4
Buddy Hield,SG,27,SAC,72.0,44.0,30.8,6.9,16.1,0.429,3.8,9.6,0.394,3.2,6.6,0.479,0.545,1.6,1.9,0.846,0.8,3.8,4.6,3.0,0.9,0.2,2.3,2.3,19.2
Jrue Holiday,SG,29,NOP,61.0,61.0,34.7,7.5,16.5,0.455,2.0,5.7,0.353,5.5,10.8,0.509,0.516,2.1,3.0,0.709,1.3,3.5,4.8,6.7,1.6,0.8,3.0,2.4,19.1
Shai Gilgeous-Alexander,SG,21,OKC,70.0,70.0,34.7,6.8,14.5,0.471,1.2,3.6,0.347,5.6,10.9,0.512,0.514,4.1,5.1,0.807,0.7,5.2,5.9,3.3,1.1,0.7,1.9,1.7,19.0
LaMarcus Aldridge,C,34,SAS,53.0,53.0,33.1,7.4,15.0,0.493,1.2,3.0,0.389,6.2,12.0,0.519,0.532,3.0,3.6,0.827,1.9,5.5,7.4,2.4,0.7,1.6,1.4,2.4,18.9
Dennis Schröder,PG,26,OKC,65.0,2.0,30.8,7.0,14.8,0.469,1.9,5.0,0.385,5.0,9.8,0.513,0.534,3.0,3.6,0.839,0.3,3.3,3.6,4.0,0.7,0.2,2.6,2.2,18.9
Kelly Oubre Jr.,SF,24,PHO,56.0,55.0,34.5,6.7,14.8,0.452,1.9,5.5,0.352,4.7,9.3,0.511,0.517,3.4,4.4,0.78,1.2,5.3,6.4,1.5,1.3,0.7,1.5,3.4,18.7
Danilo Gallinari,PF,31,OKC,62.0,62.0,29.6,5.8,13.2,0.438,2.9,7.1,0.405,2.9,6.1,0.476,0.547,4.3,4.8,0.893,0.5,4.6,5.2,1.9,0.7,0.1,1.2,1.2,18.7
Caris LeVert,SG,25,BRK,45.0,31.0,29.6,6.9,16.3,0.425,1.8,4.9,0.364,5.1,11.4,0.451,0.48,3.1,4.4,0.711,1.1,3.1,4.2,4.4,1.2,0.2,2.6,1.8,18.7
Montrezl Harrell,C,26,LAC,63.0,2.0,27.8,7.5,12.9,0.58,0.0,0.3,0.0,7.5,12.6,0.593,0.58,3.7,5.6,0.658,2.6,4.5,7.1,1.7,0.6,1.1,1.7,2.3,18.6
Jamal Murray,PG,22,DEN,59.0,59.0,32.3,6.9,15.2,0.456,1.9,5.5,0.346,5.0,9.7,0.519,0.519,2.8,3.1,0.881,0.8,3.2,4.0,4.8,1.1,0.3,2.2,1.7,18.5
Evan Fournier,SF,27,ORL,66.0,66.0,31.5,6.6,14.1,0.467,2.6,6.6,0.399,4.0,7.5,0.527,0.56,2.7,3.3,0.818,0.3,2.3,2.6,3.2,1.1,0.2,1.9,2.4,18.5
Domantas Sabonis,PF,23,IND,62.0,62.0,34.8,7.4,13.7,0.54,0.3,1.1,0.254,7.1,12.6,0.565,0.55,3.5,4.8,0.723,3.0,9.4,12.4,5.0,0.8,0.5,2.7,3.1,18.5
Lou Williams,PG,33,LAC,65.0,8.0,28.7,6.0,14.4,0.418,1.7,4.8,0.352,4.3,9.6,0.451,0.477,4.5,5.2,0.861,0.5,2.6,3.1,5.6,0.7,0.2,2.8,1.2,18.2
Devonte' Graham,PG,24,CHO,63.0,53.0,35.1,5.8,15.3,0.382,3.5,9.3,0.373,2.4,6.0,0.397,0.495,3.0,3.7,0.82,0.7,2.7,3.4,7.5,1.0,0.2,2.9,1.8,18.2
Deandre Ayton,C,21,PHO,38.0,32.0,32.5,8.2,14.9,0.546,0.1,0.3,0.231,8.1,14.6,0.553,0.548,1.8,2.3,0.753,3.9,7.6,11.5,1.9,0.7,1.5,2.1,3.1,18.2
Derrick Rose,PG,31,DET,50.0,15.0,26.0,7.4,15.1,0.49,0.9,2.9,0.306,6.5,12.1,0.535,0.52,2.4,2.8,0.871,0.5,1.9,2.4,5.6,0.8,0.3,2.5,1.0,18.1
Terry Rozier,PG,25,CHO,63.0,63.0,34.3,6.3,14.9,0.423,2.7,6.7,0.407,3.6,8.2,0.436,0.514,2.6,3.0,0.874,0.8,3.6,4.4,4.1,1.0,0.2,2.2,2.0,18.0
Ja Morant,PG,20,MEM,67.0,67.0,31.0,6.7,14.0,0.477,0.9,2.7,0.335,5.8,11.3,0.511,0.509,3.6,4.6,0.776,0.8,3.1,3.9,7.3,0.9,0.3,3.3,1.6,17.8
Andre Drummond,C,26,DET,49.0,48.0,33.8,7.3,13.9,0.53,0.0,0.4,0.048,7.3,13.4,0.546,0.531,3.0,5.2,0.584,4.6,11.2,15.8,2.8,2.0,1.7,3.6,3.6,17.8
Andre Drummond,C,26,TOT,57.0,56.0,33.0,7.3,13.8,0.533,0.1,0.6,0.143,7.2,13.1,0.551,0.536,3.0,5.2,0.575,4.4,10.8,15.2,2.7,1.9,1.6,3.6,3.5,17.7
Kevin Love,PF,31,CLE,56.0,56.0,31.8,5.8,13.0,0.45,2.6,7.0,0.374,3.2,6.0,0.537,0.55,3.3,3.9,0.854,1.0,8.8,9.8,3.2,0.6,0.3,2.5,1.6,17.6
Jusuf Nurkić,C,25,POR,8.0,8.0,31.6,6.8,13.6,0.495,0.3,1.3,0.2,6.5,12.4,0.525,0.505,3.9,4.4,0.886,2.9,7.4,10.3,4.0,1.4,2.0,2.4,4.9,17.6
Fred VanVleet,SG,25,TOR,54.0,54.0,35.7,5.9,14.3,0.413,2.7,6.9,0.39,3.2,7.4,0.434,0.507,3.1,3.7,0.848,0.3,3.4,3.8,6.6,1.9,0.3,2.2,2.4,17.6
Chris Paul,PG,34,OKC,70.0,70.0,31.5,6.2,12.7,0.489,1.6,4.3,0.365,4.6,8.3,0.554,0.552,3.6,4.0,0.907,0.4,4.6,5.0,6.7,1.6,0.2,2.3,2.3,17.6
Gordon Hayward,SF,29,BOS,52.0,52.0,33.5,6.7,13.5,0.5,1.6,4.3,0.383,5.1,9.2,0.554,0.561,2.4,2.8,0.855,1.1,5.6,6.7,4.1,0.7,0.4,1.8,1.8,17.5
Andre Drummond,C,26,CLE,8.0,8.0,28.1,7.3,13.1,0.552,0.5,1.8,0.286,6.8,11.4,0.593,0.571,2.5,4.9,0.513,3.0,8.1,11.1,1.8,1.5,1.4,3.6,3.1,17.5
Jaren Jackson Jr.,C,20,MEM,57.0,57.0,28.5,6.2,13.2,0.469,2.5,6.5,0.394,3.6,6.8,0.54,0.565,2.4,3.3,0.747,1.0,3.6,4.6,1.4,0.7,1.6,1.7,4.1,17.4
Malcolm Brogdon,PG,27,IND,54.0,54.0,30.9,6.0,13.8,0.438,1.4,4.3,0.326,4.6,9.5,0.488,0.489,3.1,3.4,0.892,0.9,4.0,4.9,7.1,0.6,0.2,2.4,1.8,16.5
Ben Simmons,PG,23,PHI,57.0,57.0,35.4,6.6,11.4,0.58,0.0,0.1,0.286,6.5,11.2,0.583,0.581,3.2,5.2,0.621,2.0,5.8,7.8,8.0,2.1,0.6,3.5,3.3,16.4
Goran Dragić,PG,33,MIA,59.0,3.0,28.2,5.4,12.3,0.441,2.1,5.7,0.367,3.3,6.5,0.505,0.526,3.2,4.2,0.776,0.5,2.7,3.2,5.1,0.7,0.2,2.4,2.1,16.2
Dillon Brooks,SG,24,MEM,73.0,73.0,28.9,6.0,14.6,0.407,2.0,5.6,0.358,3.9,9.0,0.438,0.476,2.2,2.8,0.808,0.9,2.4,3.3,2.1,0.9,0.4,1.7,3.8,16.2
Alec Burks,SF,28,GSW,48.0,18.0,29.0,5.1,12.5,0.406,1.8,4.7,0.375,3.3,7.9,0.424,0.476,4.2,4.7,0.897,0.8,3.9,4.7,3.1,1.0,0.4,1.6,2.2,16.1
Norman Powell,SG,26,TOR,52.0,26.0,28.4,5.7,11.5,0.495,2.1,5.3,0.399,3.6,6.3,0.575,0.586,2.5,2.9,0.843,0.5,3.2,3.7,1.8,1.2,0.4,1.5,2.1,16.0
Bam Adebayo,PF,22,MIA,72.0,72.0,33.6,6.1,11.0,0.557,0.0,0.2,0.143,6.1,10.8,0.564,0.558,3.7,5.3,0.691,2.4,7.8,10.2,5.1,1.1,1.3,2.8,2.5,15.9
Tim Hardaway Jr.,SG,27,DAL,71.0,58.0,29.5,5.4,12.5,0.434,2.9,7.2,0.398,2.5,5.2,0.485,0.55,2.1,2.6,0.819,0.4,2.9,3.3,1.9,0.6,0.1,1.0,1.8,15.8
Luke Kennard,SG,23,DET,28.0,25.0,32.9,5.4,12.2,0.442,2.6,6.5,0.399,2.8,5.7,0.491,0.548,2.4,2.7,0.893,0.3,3.2,3.5,4.1,0.4,0.2,1.5,2.3,15.8
Jordan Clarkson,SG,27,UTA,42.0,2.0,24.7,6.0,12.9,0.462,2.2,6.0,0.366,3.7,6.8,0.547,0.548,1.5,1.9,0.785,0.7,2.1,2.8,1.6,0.7,0.2,1.4,1.8,15.6
Hassan Whiteside,C,30,POR,67.0,61.0,30.0,6.5,10.5,0.621,0.1,0.1,0.571,6.4,10.4,0.622,0.624,2.4,3.6,0.686,3.9,9.7,13.5,1.2,0.4,2.9,1.8,2.9,15.5
Blake Griffin,PF,30,DET,18.0,18.0,28.4,4.9,13.9,0.352,1.5,6.2,0.243,3.4,7.7,0.439,0.406,4.2,5.4,0.776,0.9,3.7,4.7,3.3,0.4,0.4,2.2,1.5,15.5
Serge Ibaka,C,30,TOR,55.0,27.0,27.0,6.2,12.2,0.512,1.3,3.3,0.385,5.0,8.9,0.559,0.564,1.6,2.3,0.718,2.1,6.1,8.2,1.4,0.5,0.8,2.0,2.8,15.4
Dāvis Bertāns,PF,27,WAS,54.0,4.0,29.3,4.9,11.3,0.434,3.7,8.7,0.424,1.2,2.6,0.471,0.598,1.9,2.3,0.852,0.6,3.9,4.5,1.7,0.7,0.6,1.1,2.6,15.4
Carmelo Anthony,PF,35,POR,58.0,58.0,32.8,5.8,13.5,0.43,1.5,3.9,0.385,4.3,9.6,0.448,0.485,2.3,2.8,0.845,1.2,5.1,6.3,1.5,0.8,0.5,1.7,2.9,15.4
Kendrick Nunn,PG,24,MIA,67.0,67.0,29.3,6.0,13.6,0.439,2.0,5.8,0.35,3.9,7.8,0.505,0.514,1.3,1.5,0.85,0.3,2.4,2.7,3.3,0.8,0.2,1.7,2.3,15.3
J.J. Redick,SG,35,NOP,60.0,36.0,26.4,4.8,10.5,0.453,3.0,6.6,0.453,1.8,3.9,0.453,0.596,2.8,3.1,0.892,0.2,2.4,2.5,2.0,0.3,0.2,1.3,1.6,15.3
Jordan Clarkson,SG,27,TOT,71.0,2.0,24.0,5.5,12.2,0.454,2.1,5.8,0.368,3.4,6.4,0.533,0.542,1.9,2.3,0.836,0.7,1.9,2.6,1.9,0.6,0.2,1.4,1.5,15.2
Will Barton,SF,29,DEN,58.0,58.0,33.0,5.7,12.7,0.45,1.9,5.0,0.375,3.9,7.8,0.498,0.523,1.8,2.3,0.767,1.3,5.0,6.3,3.7,1.1,0.5,1.5,2.1,15.1
Rudy Gobert,C,27,UTA,68.0,68.0,34.3,5.7,8.2,0.693,0.0,0.0,0.0,5.7,8.2,0.693,0.693,3.7,5.9,0.63,3.4,10.1,13.5,1.5,0.8,2.0,1.9,3.2,15.1
Bogdan Bogdanović,SG,27,SAC,61.0,28.0,29.0,5.5,12.6,0.44,2.7,7.2,0.372,2.8,5.3,0.532,0.547,1.4,1.9,0.741,0.4,3.0,3.4,3.4,1.0,0.2,1.7,2.2,15.1
Jabari Parker,PF,24,ATL,32.0,23.0,26.2,6.2,12.3,0.504,1.0,3.6,0.27,5.2,8.7,0.601,0.543,1.7,2.3,0.736,1.7,4.3,6.0,1.8,1.3,0.5,1.9,2.9,15.0
Reggie Jackson,PG,29,DET,14.0,10.0,27.2,5.4,14.1,0.384,2.2,5.9,0.378,3.2,8.3,0.388,0.462,1.9,2.4,0.788,0.8,2.1,2.9,5.1,0.6,0.1,1.6,1.5,14.9
Jonas Valančiūnas,C,27,MEM,70.0,70.0,26.4,6.2,10.6,0.585,0.5,1.3,0.352,5.7,9.3,0.617,0.606,2.1,2.9,0.74,3.0,8.2,11.3,1.9,0.4,1.1,1.8,2.6,14.9
Eric Bledsoe,PG,30,MIL,61.0,61.0,27.0,5.5,11.5,0.475,1.2,3.5,0.344,4.3,8.0,0.533,0.528,2.8,3.5,0.79,0.7,3.9,4.6,5.4,0.9,0.4,2.4,2.1,14.9
Terrence Ross,SG,28,ORL,69.0,0.0,27.4,4.9,12.3,0.403,2.6,7.3,0.351,2.4,5.0,0.48,0.508,2.3,2.7,0.853,0.2,3.0,3.2,1.2,1.1,0.3,1.0,1.6,14.7
Lauri Markkanen,PF,22,CHI,50.0,50.0,29.8,5.0,11.8,0.425,2.2,6.3,0.344,2.8,5.5,0.518,0.517,2.5,3.1,0.824,1.2,5.1,6.3,1.5,0.8,0.5,1.6,1.9,14.7
Jordan Clarkson,SG,27,CLE,29.0,0.0,23.0,5.0,11.2,0.442,2.0,5.5,0.371,2.9,5.8,0.509,0.532,2.6,3.0,0.884,0.7,1.7,2.4,2.4,0.6,0.3,1.3,1.1,14.6
Victor Oladipo,SG,27,IND,19.0,16.0,27.8,5.1,12.9,0.394,1.7,5.5,0.317,3.4,7.5,0.451,0.461,2.5,3.1,0.814,0.5,3.5,3.9,2.9,0.9,0.2,2.5,1.9,14.5
Joe Harris,SF,28,BRK,69.0,69.0,30.8,5.5,11.4,0.486,2.5,5.9,0.424,3.0,5.5,0.553,0.596,0.9,1.3,0.719,0.9,3.4,4.3,2.1,0.6,0.2,1.5,2.3,14.5
Harrison Barnes,PF,27,SAC,72.0,72.0,34.5,5.1,11.0,0.46,1.4,3.7,0.381,3.7,7.3,0.501,0.525,3.0,3.7,0.801,1.1,3.9,4.9,2.2,0.6,0.2,1.2,1.3,14.5
Mike Conley,PG,32,UTA,47.0,41.0,29.0,4.9,12.1,0.409,2.0,5.4,0.375,2.9,6.6,0.437,0.494,2.4,3.0,0.827,0.7,2.5,3.2,4.4,0.8,0.1,2.0,2.2,14.4
Eric Gordon,SF,31,HOU,36.0,15.0,28.2,4.8,12.9,0.369,2.7,8.4,0.317,2.1,4.4,0.469,0.473,2.3,3.0,0.766,0.3,1.7,2.0,1.5,0.6,0.4,1.2,1.9,14.4
Aaron Gordon,PF,24,ORL,62.0,62.0,32.5,5.4,12.4,0.437,1.2,3.8,0.308,4.2,8.5,0.494,0.484,2.4,3.6,0.674,1.7,5.9,7.7,3.7,0.8,0.6,1.6,2.0,14.4
RJ Barrett,SG,19,NYK,56.0,55.0,30.4,5.2,13.0,0.402,1.1,3.5,0.32,4.1,9.5,0.432,0.445,2.8,4.5,0.614,0.9,4.1,5.0,2.6,1.0,0.3,2.2,2.2,14.3
Marvin Bagley III,C,20,SAC,13.0,6.0,25.7,6.0,12.8,0.467,0.3,1.7,0.182,5.7,11.2,0.51,0.479,1.9,2.4,0.806,2.2,5.2,7.5,0.8,0.5,0.9,1.4,3.3,14.2
Jabari Parker,PF,24,TOT,38.0,23.0,24.1,5.8,11.3,0.51,0.8,3.1,0.269,4.9,8.2,0.603,0.548,1.6,2.1,0.753,1.6,4.0,5.6,1.8,1.2,0.4,1.7,2.6,14.0
Eric Paschall,PF,23,GSW,60.0,26.0,27.6,5.3,10.7,0.497,0.6,2.2,0.287,4.7,8.5,0.55,0.526,2.7,3.5,0.774,1.4,3.2,4.6,2.1,0.5,0.2,1.6,2.1,14.0
Clint Capela,C,25,HOU,39.0,39.0,32.8,6.3,9.9,0.629,0.0,0.0,0.0,6.3,9.9,0.629,0.629,1.4,2.7,0.529,4.3,9.5,13.8,1.2,0.8,1.8,1.6,2.6,13.9
Josh Richardson,SG,26,PHI,55.0,53.0,30.8,5.1,11.7,0.43,1.5,4.5,0.341,3.5,7.2,0.486,0.496,2.1,2.6,0.809,0.7,2.4,3.2,2.9,0.9,0.7,1.9,2.5,13.7
Tyler Herro,SG,20,MIA,55.0,8.0,27.4,4.9,11.5,0.428,2.1,5.4,0.389,2.8,6.1,0.462,0.52,1.6,1.8,0.87,0.3,3.8,4.1,2.2,0.6,0.2,1.6,1.4,13.5
Rui Hachimura,PF,21,WAS,48.0,48.0,30.1,5.3,11.4,0.466,0.5,1.8,0.287,4.8,9.5,0.5,0.489,2.4,2.9,0.829,1.6,4.5,6.1,1.8,0.8,0.2,1.1,2.2,13.5
Duncan Robinson,SG,25,MIA,73.0,68.0,29.7,4.4,9.4,0.47,3.7,8.3,0.446,0.7,1.1,0.654,0.667,0.9,1.0,0.931,0.1,3.0,3.2,1.4,0.5,0.3,1.0,2.6,13.5
Thomas Bryant,C,22,WAS,46.0,36.0,24.9,5.3,9.1,0.581,0.8,2.0,0.407,4.5,7.1,0.63,0.626,1.9,2.5,0.741,2.1,5.1,7.2,1.8,0.5,1.1,1.2,2.2,13.2
Jeff Teague,PG,31,MIN,34.0,13.0,27.8,4.3,9.5,0.448,1.0,2.6,0.379,3.3,7.0,0.473,0.498,3.7,4.2,0.868,0.4,2.1,2.6,6.1,0.7,0.4,2.2,2.1,13.2
Coby White,PG,19,CHI,65.0,1.0,25.8,4.8,12.2,0.394,2.0,5.8,0.354,2.8,6.4,0.43,0.478,1.6,2.0,0.791,0.4,3.1,3.5,2.7,0.8,0.1,1.7,1.8,13.2
Christian Wood,PF,24,DET,62.0,12.0,21.4,4.6,8.2,0.567,0.9,2.3,0.386,3.8,5.9,0.636,0.62,2.9,3.9,0.744,1.7,4.6,6.3,1.0,0.5,0.9,1.4,1.6,13.1
Ricky Rubio,PG,29,PHO,65.0,65.0,31.0,4.4,10.6,0.415,1.2,3.3,0.361,3.2,7.3,0.439,0.471,3.0,3.5,0.863,0.7,4.0,4.7,8.8,1.4,0.2,2.7,2.6,13.0
Miles Bridges,SF,21,CHO,65.0,64.0,30.7,4.9,11.6,0.424,1.5,4.6,0.33,3.4,7.0,0.486,0.489,1.6,2.0,0.809,1.4,4.2,5.6,1.8,0.6,0.7,1.5,2.0,13.0
Marcus Smart,SG,25,BOS,60.0,40.0,32.0,4.3,11.4,0.375,2.3,6.6,0.347,2.0,4.8,0.415,0.476,2.1,2.5,0.836,0.7,3.1,3.8,4.9,1.7,0.5,1.7,2.7,12.9
Juan Hernangómez,PF,24,MIN,14.0,14.0,29.4,4.4,9.8,0.453,2.1,4.9,0.42,2.4,4.9,0.485,0.558,2.0,3.3,0.609,1.4,5.9,7.3,1.3,1.0,0.3,1.0,2.5,12.9
Glenn Robinson III,SF,26,GSW,48.0,48.0,31.6,5.1,10.6,0.481,1.4,3.5,0.4,3.7,7.0,0.522,0.548,1.3,1.5,0.851,1.4,3.3,4.7,1.8,0.9,0.3,1.0,1.7,12.9
Robert Covington,PF,29,MIN,48.0,47.0,29.4,4.5,10.3,0.435,2.3,6.5,0.346,2.3,3.8,0.587,0.544,1.6,2.0,0.798,0.8,5.2,6.0,1.2,1.7,0.9,1.5,3.1,12.8
Kyle Kuzma,PF,24,LAL,61.0,9.0,25.0,4.8,11.0,0.436,1.4,4.5,0.316,3.4,6.5,0.518,0.5,1.9,2.5,0.735,0.9,3.6,4.5,1.3,0.5,0.4,1.5,2.1,12.8
Jordan McRae,SG,28,WAS,29.0,4.0,22.6,4.6,10.9,0.42,1.4,3.7,0.377,3.2,7.3,0.441,0.483,2.2,2.9,0.771,0.6,3.0,3.6,2.8,0.7,0.5,1.3,2.1,12.8
Damion Lee,SG,27,GSW,49.0,36.0,29.0,4.3,10.4,0.417,1.7,4.9,0.356,2.6,5.6,0.471,0.5,2.2,2.6,0.873,0.7,4.2,4.9,2.7,1.0,0.1,1.4,2.4,12.7
Jeremy Lamb,SG,27,IND,46.0,42.0,28.1,4.7,10.4,0.451,1.2,3.4,0.335,3.5,7.0,0.508,0.506,2.0,2.4,0.836,0.5,3.8,4.3,2.1,1.2,0.5,1.1,2.3,12.5
Seth Curry,SG,29,DAL,64.0,25.0,24.6,4.4,9.0,0.495,2.3,5.0,0.452,2.2,4.0,0.549,0.621,1.3,1.5,0.825,0.4,1.8,2.3,1.9,0.6,0.1,1.0,1.8,12.4
Richaun Holmes,C,26,SAC,44.0,38.0,28.2,5.1,7.8,0.648,0.0,0.0,0.0,5.1,7.8,0.648,0.648,2.1,2.7,0.788,2.9,5.3,8.1,1.0,0.9,1.3,1.2,3.8,12.3
De'Andre Hunter,SF,22,ATL,63.0,62.0,32.0,4.4,10.8,0.41,1.7,4.8,0.355,2.7,6.0,0.454,0.489,1.7,2.3,0.764,0.7,3.8,4.5,1.8,0.7,0.3,1.6,2.9,12.3
Darius Garland,SG,20,CLE,59.0,59.0,30.9,4.7,11.8,0.401,1.8,5.0,0.355,3.0,6.8,0.434,0.476,1.1,1.2,0.875,0.5,1.4,1.9,3.9,0.7,0.1,2.6,1.6,12.3
P.J. Washington,PF,21,CHO,58.0,57.0,30.3,4.6,10.2,0.455,1.5,4.0,0.374,3.1,6.2,0.507,0.528,1.5,2.3,0.647,1.0,4.4,5.4,2.1,0.9,0.8,1.6,2.7,12.2
Kevin Huerter,SG,21,ATL,56.0,48.0,31.4,4.5,10.9,0.413,2.3,6.0,0.38,2.2,4.9,0.453,0.517,0.9,1.1,0.828,0.6,3.4,4.1,3.8,0.9,0.5,1.6,2.5,12.2
Jeff Green,C,33,HOU,18.0,2.0,22.6,4.7,8.3,0.564,1.6,4.4,0.354,3.1,3.9,0.8,0.658,1.3,1.6,0.857,0.6,2.3,2.9,1.7,0.8,0.5,0.8,2.4,12.2
Isaiah Thomas,PG,30,WAS,40.0,37.0,23.1,4.4,10.7,0.408,2.0,4.7,0.413,2.4,5.9,0.405,0.5,1.6,1.9,0.816,0.3,1.4,1.7,3.7,0.3,0.2,1.9,1.9,12.2
Alec Burks,SG,28,PHI,18.0,1.0,20.2,4.3,9.3,0.461,1.8,4.3,0.416,2.5,5.0,0.5,0.557,1.9,2.3,0.829,0.6,2.5,3.1,2.1,0.7,0.0,0.8,1.2,12.2
Taurean Prince,PF,25,BRK,64.0,61.0,29.0,4.3,11.5,0.376,2.3,6.7,0.339,2.1,4.8,0.429,0.475,1.1,1.4,0.798,0.8,5.2,6.0,1.8,0.9,0.4,2.0,2.5,12.1
Myles Turner,C,23,IND,62.0,62.0,29.5,4.3,9.5,0.457,1.4,4.0,0.344,2.9,5.4,0.54,0.53,2.0,2.7,0.751,1.4,5.2,6.6,1.2,0.7,2.1,1.4,2.7,12.1
Markelle Fultz,PG,21,ORL,72.0,60.0,27.7,5.0,10.7,0.465,0.5,1.9,0.267,4.5,8.8,0.507,0.488,1.6,2.2,0.73,0.6,2.7,3.3,5.1,1.3,0.2,2.0,2.0,12.1
Brandon Clarke,PF,23,MEM,58.0,4.0,22.4,5.1,8.3,0.618,0.4,1.1,0.359,4.7,7.2,0.658,0.642,1.5,1.9,0.759,1.6,4.4,5.9,1.4,0.6,0.8,0.9,1.7,12.1
Tyler Johnson,SG,27,BRK,8.0,4.0,24.3,4.0,9.9,0.405,1.8,4.5,0.389,2.3,5.4,0.419,0.494,2.3,2.3,1.0,1.0,2.0,3.0,3.0,0.5,0.1,0.6,1.9,12.0
Tristan Thompson,PF,28,CLE,57.0,51.0,30.2,5.1,9.9,0.512,0.2,0.4,0.391,4.9,9.5,0.518,0.52,1.7,2.8,0.615,4.0,6.2,10.1,2.1,0.6,0.9,1.8,2.2,12.0
Trey Burke,PG,27,DAL,8.0,1.0,23.9,4.4,10.3,0.427,2.0,4.6,0.432,2.4,5.6,0.422,0.524,1.3,1.4,0.909,0.1,1.8,1.9,3.8,1.1,0.1,1.1,1.5,12.0
Jerami Grant,PF,25,DEN,71.0,24.0,26.6,4.3,8.9,0.478,1.4,3.5,0.389,2.9,5.4,0.537,0.555,2.1,2.8,0.75,0.8,2.7,3.5,1.2,0.7,0.8,0.9,2.2,12.0
James Johnson,C,32,MIN,14.0,1.0,24.1,4.6,9.1,0.5,1.2,3.3,0.37,3.4,5.9,0.573,0.566,1.6,2.4,0.676,1.2,3.5,4.7,3.8,1.4,1.4,2.4,3.3,12.0
Brook Lopez,C,31,MIL,68.0,67.0,26.7,4.3,9.9,0.435,1.5,4.8,0.314,2.8,5.1,0.549,0.511,1.9,2.2,0.836,0.9,3.7,4.6,1.5,0.7,2.4,1.0,2.4,12.0
Otto Porter,SF,26,CHI,14.0,9.0,23.6,4.4,10.0,0.443,1.7,4.4,0.387,2.7,5.6,0.487,0.529,1.4,1.9,0.704,0.9,2.5,3.4,1.8,1.1,0.4,0.8,2.2,11.9
Jonathan Isaac,PF,22,ORL,34.0,32.0,28.8,4.6,9.8,0.47,0.9,2.8,0.34,3.6,7.0,0.521,0.518,1.8,2.3,0.779,1.7,5.1,6.8,1.4,1.6,2.3,1.4,2.4,11.9
Jae Crowder,PF,29,MIA,20.0,8.0,27.7,4.0,8.2,0.482,2.9,6.4,0.445,1.1,1.8,0.611,0.655,1.1,1.5,0.733,0.6,4.8,5.4,1.8,1.3,0.5,0.8,2.9,11.9
Dion Waiters,SG,28,LAL,7.0,0.0,23.6,4.4,10.4,0.425,1.0,4.3,0.233,3.4,6.1,0.558,0.473,2.0,2.3,0.875,0.3,1.6,1.9,2.4,0.6,0.6,1.9,2.3,11.9
Al Horford,C,33,PHI,67.0,61.0,30.2,4.8,10.6,0.45,1.5,4.2,0.35,3.3,6.4,0.516,0.52,0.9,1.2,0.763,1.5,5.3,6.8,4.0,0.8,0.9,1.2,2.1,11.9
Lonzo Ball,PG,22,NOP,63.0,54.0,32.1,4.4,10.9,0.403,2.3,6.3,0.375,2.0,4.6,0.442,0.511,0.7,1.2,0.566,1.1,5.0,6.1,7.0,1.4,0.6,3.1,2.0,11.8
Jordan McRae,SG,28,DET,4.0,0.0,24.5,3.5,10.8,0.326,0.8,4.0,0.188,2.8,6.8,0.407,0.36,4.0,5.5,0.727,0.0,3.8,3.8,1.8,0.0,0.0,1.3,2.5,11.8
Glenn Robinson III,SF,26,TOT,62.0,52.0,28.8,4.6,9.5,0.486,1.2,3.2,0.391,3.4,6.4,0.534,0.552,1.2,1.4,0.86,1.3,3.0,4.4,1.5,0.9,0.3,0.9,1.6,11.7
Shabazz Napier,PG,28,WAS,20.0,10.0,24.4,3.7,8.7,0.428,1.5,4.1,0.358,2.3,4.6,0.489,0.512,2.7,3.3,0.831,0.5,2.0,2.4,3.8,1.5,0.2,2.6,2.0,11.6
Robert Covington,C,29,HOU,22.0,21.0,33.0,4.0,10.3,0.392,2.4,7.6,0.315,1.6,2.7,0.61,0.509,1.1,1.4,0.8,1.2,6.8,8.0,1.5,1.6,2.2,1.4,3.3,11.6
Paul Millsap,PF,34,DEN,51.0,48.0,24.3,4.1,8.6,0.482,1.1,2.4,0.435,3.1,6.2,0.5,0.543,2.3,2.8,0.816,1.9,3.8,5.7,1.6,0.9,0.6,1.4,2.9,11.6
Patty Mills,PG,31,SAS,66.0,1.0,22.5,3.9,9.1,0.431,2.3,6.1,0.382,1.6,3.0,0.533,0.56,1.5,1.7,0.866,0.3,1.3,1.6,1.8,0.8,0.1,0.8,1.6,11.6
Brandon Knight,PG,28,DET,9.0,3.0,24.6,3.4,9.0,0.383,2.9,7.4,0.388,0.6,1.6,0.357,0.543,1.8,2.3,0.762,0.1,2.2,2.3,4.2,0.6,0.1,2.4,2.2,11.6
Nemanja Bjelica,PF,31,SAC,72.0,67.0,27.9,4.4,9.1,0.481,1.9,4.4,0.419,2.5,4.6,0.541,0.583,1.0,1.2,0.821,1.5,4.8,6.4,2.8,0.9,0.6,1.4,3.0,11.5
Jordan McRae,SG,28,TOT,37.0,4.0,21.2,4.0,9.9,0.407,1.2,3.4,0.357,2.8,6.5,0.433,0.469,2.2,2.9,0.761,0.5,2.9,3.4,2.5,0.6,0.4,1.2,2.0,11.5
Aron Baynes,C,33,PHO,42.0,28.0,22.2,4.4,9.1,0.48,1.4,4.0,0.351,3.0,5.1,0.582,0.558,1.3,1.8,0.747,1.7,4.0,5.6,1.6,0.2,0.5,1.2,3.4,11.5
Wendell Carter Jr.,C,20,CHI,43.0,43.0,29.2,4.3,8.0,0.534,0.1,0.7,0.207,4.1,7.3,0.564,0.542,2.6,3.5,0.737,3.2,6.2,9.4,1.2,0.8,0.8,1.7,3.8,11.3
Justise Winslow,SG,23,MIA,11.0,5.0,32.0,4.5,11.7,0.388,0.5,2.5,0.222,4.0,9.3,0.431,0.411,1.6,2.5,0.667,1.5,5.2,6.6,4.0,0.6,0.5,2.2,3.5,11.3
Derrick White,SG,25,SAS,68.0,20.0,24.7,3.7,8.1,0.458,1.2,3.2,0.366,2.6,4.9,0.518,0.53,2.6,3.1,0.853,0.5,2.8,3.3,3.5,0.6,0.9,1.3,2.2,11.3
Malik Beasley,SG,23,TOT,55.0,14.0,22.0,4.1,9.7,0.425,1.9,5.0,0.388,2.2,4.7,0.465,0.525,1.0,1.2,0.818,0.3,2.4,2.7,1.4,0.7,0.1,1.0,1.4,11.2
Bryn Forbes,SG,26,SAS,63.0,62.0,25.1,3.8,9.2,0.417,2.3,6.0,0.388,1.5,3.2,0.47,0.544,1.2,1.4,0.833,0.2,1.8,2.0,1.7,0.5,0.0,0.9,1.8,11.2
Jarrett Allen,C,21,BRK,70.0,64.0,26.5,4.3,6.6,0.649,0.0,0.1,0.0,4.3,6.6,0.658,0.649,2.4,3.9,0.633,3.1,6.5,9.6,1.6,0.6,1.3,1.1,2.3,11.1
Dion Waiters,SG,28,TOT,10.0,0.0,20.7,4.1,9.9,0.414,1.5,4.7,0.319,2.6,5.2,0.5,0.49,1.4,1.7,0.824,0.2,2.2,2.4,2.0,0.4,0.6,1.6,2.1,11.1
Cody Zeller,C,27,CHO,58.0,39.0,23.1,4.3,8.3,0.524,0.3,1.3,0.24,4.0,7.0,0.577,0.543,2.1,3.1,0.682,2.8,4.3,7.1,1.5,0.7,0.4,1.3,2.4,11.1
Trevor Ariza,SF,34,POR,21.0,21.0,33.4,3.7,7.6,0.491,1.6,4.0,0.4,2.1,3.5,0.595,0.597,2.0,2.2,0.872,0.6,4.1,4.8,2.0,1.6,0.4,1.3,2.3,11.0
Rodney Hood,SF,27,POR,21.0,21.0,29.5,4.1,8.2,0.506,1.7,3.4,0.493,2.5,4.8,0.515,0.608,1.0,1.3,0.778,0.5,3.0,3.4,1.5,0.8,0.2,0.9,2.2,11.0
Mychal Mulder,SF,25,GSW,7.0,3.0,29.1,3.7,9.6,0.388,2.3,7.4,0.308,1.4,2.1,0.667,0.507,1.3,1.7,0.75,0.4,2.9,3.3,1.1,0.3,0.1,0.7,2.9,11.0
Markieff Morris,PF,30,DET,44.0,16.0,22.5,4.0,8.8,0.45,1.7,4.3,0.397,2.3,4.5,0.5,0.546,1.4,1.8,0.772,0.5,3.4,3.9,1.6,0.6,0.3,1.6,2.4,11.0
Cedi Osman,SF,24,CLE,65.0,65.0,29.4,4.1,9.4,0.437,1.9,4.9,0.383,2.2,4.4,0.497,0.538,1.0,1.4,0.67,0.6,3.0,3.6,2.4,0.8,0.2,1.4,2.5,11.0
Steven Adams,C,26,OKC,63.0,63.0,26.7,4.5,7.6,0.592,0.0,0.0,0.333,4.5,7.5,0.594,0.593,1.9,3.2,0.582,3.3,6.0,9.3,2.3,0.8,1.1,1.5,1.9,10.9
Jeff Teague,PG,31,TOT,59.0,17.0,24.8,3.6,8.3,0.436,0.7,2.0,0.368,2.9,6.3,0.457,0.48,2.9,3.3,0.873,0.5,1.9,2.4,5.2,0.7,0.3,2.0,1.8,10.9
Ish Smith,PG,31,WAS,68.0,23.0,26.3,4.5,10.1,0.447,0.9,2.5,0.367,3.6,7.6,0.473,0.492,0.9,1.3,0.721,0.4,2.8,3.2,4.9,0.9,0.4,1.4,1.6,10.9
Dejounte Murray,PG,23,SAS,66.0,58.0,25.6,4.5,9.7,0.462,0.6,1.7,0.369,3.8,8.0,0.481,0.494,1.4,1.7,0.798,1.0,4.8,5.8,4.1,1.7,0.3,1.9,2.2,10.9
Cameron Payne,SG,25,PHO,8.0,0.0,22.9,4.1,8.5,0.485,1.9,3.6,0.517,2.3,4.9,0.462,0.596,0.8,0.9,0.857,0.5,3.4,3.9,3.0,1.0,0.3,1.4,2.5,10.9
Rudy Gay,PF,33,SAS,67.0,5.0,21.8,4.0,8.9,0.446,1.1,3.3,0.336,2.9,5.6,0.511,0.508,1.8,2.0,0.882,0.9,4.5,5.4,1.7,0.5,0.5,1.3,1.5,10.8
Dario Šarić,PF,25,PHO,66.0,51.0,24.7,3.9,8.2,0.476,1.3,3.6,0.357,2.6,4.6,0.568,0.554,1.6,1.9,0.844,1.5,4.6,6.2,1.9,0.6,0.2,1.3,2.4,10.7
OG Anunoby,SF,22,TOR,69.0,68.0,29.9,4.1,8.2,0.505,1.3,3.3,0.39,2.9,4.9,0.583,0.584,1.0,1.5,0.706,1.2,4.1,5.3,1.6,1.4,0.7,1.1,2.4,10.6
Danuel House,SF,26,HOU,63.0,52.0,30.4,3.7,8.6,0.427,2.0,5.6,0.363,1.6,2.9,0.549,0.546,1.2,1.4,0.811,0.9,3.3,4.2,1.3,1.1,0.5,0.9,2.1,10.5
D.J. Augustin,PG,32,ORL,57.0,13.0,24.9,3.2,8.1,0.399,1.2,3.5,0.348,2.0,4.6,0.438,0.475,2.8,3.2,0.89,0.4,1.8,2.1,4.6,0.6,0.0,1.5,1.3,10.5
Cam Reddish,SF,20,ATL,58.0,34.0,26.7,3.7,9.6,0.384,1.4,4.3,0.332,2.2,5.2,0.428,0.459,1.7,2.2,0.802,0.6,3.1,3.7,1.5,1.1,0.5,1.7,2.3,10.5
Troy Brown Jr.,SF,20,WAS,69.0,22.0,25.8,4.0,9.0,0.439,0.9,2.6,0.341,3.1,6.4,0.479,0.488,1.6,2.0,0.784,1.1,4.4,5.6,2.6,1.2,0.1,1.1,1.9,10.4
Gary Harris,SG,25,DEN,56.0,55.0,31.8,3.9,9.3,0.42,1.3,3.8,0.333,2.6,5.5,0.479,0.487,1.3,1.6,0.815,0.5,2.4,2.9,2.1,1.4,0.3,1.1,2.1,10.4
Thaddeus Young,PF,31,CHI,64.0,16.0,24.9,4.2,9.4,0.448,1.2,3.5,0.356,3.0,5.9,0.501,0.513,0.7,1.1,0.583,1.5,3.5,4.9,1.8,1.4,0.4,1.6,2.1,10.3
Shabazz Napier,PG,28,TOT,56.0,32.0,24.0,3.4,8.1,0.412,1.4,4.3,0.317,2.0,3.9,0.519,0.496,2.3,2.7,0.824,0.5,2.4,2.8,4.7,1.2,0.2,2.3,1.8,10.3
Malik Monk,SG,21,CHO,55.0,1.0,21.3,3.9,8.9,0.434,1.1,3.7,0.284,2.8,5.2,0.542,0.494,1.5,1.8,0.82,0.5,2.4,2.9,2.1,0.5,0.3,1.4,1.3,10.3
Langston Galloway,SG,28,DET,66.0,6.0,25.8,3.6,8.2,0.435,2.0,5.0,0.399,1.6,3.2,0.493,0.557,1.1,1.3,0.859,0.5,1.8,2.3,1.5,0.7,0.2,0.6,1.5,10.3
Kent Bazemore,SF,30,SAC,25.0,0.0,23.1,3.5,8.3,0.418,1.1,2.9,0.384,2.4,5.4,0.437,0.486,2.2,3.0,0.733,0.6,4.3,4.9,1.3,1.2,0.4,1.2,3.0,10.3
Garrett Temple,SG,33,BRK,62.0,35.0,27.9,3.6,9.5,0.378,2.0,6.2,0.329,1.5,3.2,0.473,0.486,1.1,1.4,0.805,0.5,3.0,3.5,2.5,0.8,0.5,1.0,1.7,10.3
Doug McDermott,PF,28,IND,69.0,0.0,19.9,3.9,7.9,0.488,1.9,4.3,0.435,2.0,3.7,0.549,0.605,0.7,0.8,0.828,0.4,2.1,2.5,1.1,0.2,0.1,0.6,1.7,10.3
Marcus Morris,PF,30,LAC,19.0,19.0,28.9,3.9,9.2,0.425,1.4,4.4,0.31,2.5,4.7,0.533,0.5,0.9,1.2,0.818,0.6,3.5,4.1,1.4,0.7,0.7,1.3,2.7,10.1
Larry Nance Jr.,PF,27,CLE,56.0,10.0,26.3,4.1,7.7,0.531,1.0,2.8,0.352,3.1,4.9,0.636,0.596,0.9,1.3,0.676,1.9,5.4,7.3,2.2,1.0,0.4,1.1,1.6,10.1
Josh Hart,SF,24,NOP,65.0,16.0,27.0,3.5,8.2,0.423,1.9,5.4,0.342,1.6,2.7,0.584,0.537,1.3,1.8,0.739,0.9,5.6,6.5,1.7,1.0,0.4,1.2,2.5,10.1
Bobby Portis,PF,24,NYK,66.0,5.0,21.1,4.0,8.9,0.45,1.0,2.8,0.358,3.0,6.1,0.493,0.507,1.1,1.4,0.763,1.2,3.9,5.1,1.5,0.5,0.3,1.1,1.7,10.1
Ben McLemore,SF,26,HOU,71.0,23.0,22.8,3.4,7.7,0.444,2.5,6.4,0.4,0.9,1.3,0.656,0.61,0.7,0.9,0.746,0.3,1.9,2.2,0.8,0.6,0.2,0.7,2.2,10.1
Kevin Porter Jr.,SF,19,CLE,50.0,3.0,23.2,3.7,8.4,0.442,1.1,3.2,0.335,2.7,5.3,0.506,0.505,1.5,2.0,0.723,0.4,2.8,3.2,2.2,0.9,0.3,1.9,2.7,10.0
Elfrid Payton,PG,25,NYK,45.0,36.0,27.7,4.3,9.8,0.439,0.3,1.5,0.203,4.0,8.2,0.482,0.455,1.1,1.9,0.57,1.2,3.6,4.7,7.2,1.6,0.4,2.1,2.0,10.0
Tomáš Satoranský,SG,28,CHI,65.0,64.0,28.9,3.6,8.5,0.43,1.0,3.1,0.322,2.7,5.4,0.491,0.488,1.6,1.9,0.876,1.2,2.7,3.9,5.4,1.2,0.1,2.0,2.1,9.9
Jae Crowder,SF,29,MEM,45.0,45.0,29.4,3.3,8.9,0.368,1.7,5.9,0.293,1.5,3.0,0.519,0.466,1.7,2.1,0.789,0.9,5.3,6.2,2.8,1.0,0.3,1.2,1.9,9.9
Joe Ingles,PF,32,UTA,72.0,45.0,29.7,3.4,7.7,0.445,2.0,4.9,0.399,1.5,2.8,0.525,0.572,1.0,1.3,0.787,0.4,3.5,3.9,5.2,0.9,0.2,2.0,2.1,9.8
Furkan Korkmaz,SG,22,PHI,72.0,12.0,21.7,3.4,7.8,0.43,2.0,4.9,0.402,1.4,2.9,0.478,0.557,1.1,1.4,0.755,0.3,2.1,2.3,1.1,0.6,0.2,0.8,1.4,9.8
Mitchell Robinson,C,21,NYK,61.0,7.0,23.1,4.1,5.6,0.742,0.0,0.0,0.0,4.1,5.6,0.742,0.742,1.4,2.4,0.568,3.0,4.0,7.0,0.6,0.9,2.0,0.6,3.2,9.7
Markieff Morris,PF,30,TOT,58.0,17.0,20.5,3.5,7.9,0.443,1.5,3.9,0.386,2.0,4.0,0.5,0.539,1.1,1.5,0.776,0.7,3.1,3.8,1.3,0.5,0.3,1.3,2.3,9.7
Frank Kaminsky,C,26,PHO,39.0,13.0,19.9,3.5,7.9,0.45,1.1,3.2,0.331,2.5,4.7,0.53,0.516,1.6,2.3,0.678,0.9,3.6,4.5,1.9,0.4,0.3,0.9,1.9,9.7
Shabazz Napier,PG,28,MIN,36.0,22.0,23.8,3.2,7.9,0.403,1.3,4.4,0.296,1.9,3.4,0.54,0.486,2.0,2.4,0.818,0.5,2.6,3.1,5.2,1.1,0.2,2.1,1.7,9.6
Reggie Jackson,SG,29,LAC,17.0,6.0,21.3,3.4,7.5,0.453,1.5,3.7,0.413,1.9,3.8,0.492,0.555,1.1,1.2,0.905,0.4,2.6,3.0,3.2,0.3,0.2,1.6,2.2,9.5
Dorian Finney-Smith,PF,26,DAL,71.0,68.0,29.9,3.4,7.4,0.466,1.6,4.3,0.376,1.8,3.1,0.589,0.575,1.1,1.5,0.722,2.0,3.7,5.7,1.6,0.6,0.5,1.0,2.5,9.5
Aaron Holiday,PG,23,IND,66.0,33.0,24.5,3.5,8.5,0.414,1.3,3.3,0.394,2.2,5.2,0.427,0.491,1.1,1.3,0.851,0.3,2.0,2.4,3.4,0.8,0.2,1.3,1.8,9.5
Shake Milton,SG,23,PHI,40.0,24.0,20.1,3.4,6.9,0.484,1.5,3.4,0.43,1.9,3.6,0.535,0.588,1.3,1.6,0.785,0.4,1.8,2.2,2.6,0.5,0.2,1.2,2.3,9.4
Jerome Robinson,SG,22,WAS,21.0,5.0,24.0,3.3,8.3,0.397,1.4,4.1,0.349,1.9,4.2,0.443,0.483,1.4,1.8,0.763,0.4,2.9,3.3,2.0,0.7,0.4,1.1,2.7,9.4
George Hill,PG,33,MIL,59.0,2.0,21.5,3.3,6.4,0.516,1.4,3.0,0.46,1.9,3.4,0.565,0.624,1.4,1.7,0.842,0.8,2.2,3.0,3.1,0.8,0.1,1.0,1.4,9.4
Dwight Powell,C,28,DAL,40.0,37.0,26.5,3.7,5.7,0.638,0.3,1.0,0.256,3.4,4.8,0.716,0.659,1.9,2.8,0.667,1.9,3.8,5.7,1.5,0.9,0.6,0.9,2.6,9.4
Michael Porter Jr.,SF,21,DEN,55.0,8.0,16.4,3.5,7.0,0.509,1.1,2.7,0.422,2.4,4.3,0.564,0.59,1.1,1.3,0.833,1.2,3.5,4.7,0.8,0.5,0.5,0.9,1.8,9.3
Marquese Chriss,PF,22,GSW,59.0,21.0,20.3,3.6,6.5,0.545,0.1,0.7,0.205,3.4,5.9,0.584,0.556,2.0,2.6,0.769,1.9,4.3,6.2,1.9,0.7,1.1,1.3,2.1,9.3
Landry Shamet,SG,22,LAC,53.0,30.0,27.4,3.0,7.4,0.404,2.1,5.6,0.375,0.9,1.8,0.495,0.546,1.2,1.4,0.855,0.1,1.8,1.9,1.9,0.4,0.2,0.8,2.7,9.3
Kentavious Caldwell-Pope,SG,26,LAL,69.0,26.0,25.5,3.4,7.3,0.467,1.3,3.5,0.385,2.1,3.9,0.541,0.558,1.1,1.5,0.775,0.6,1.5,2.1,1.6,0.8,0.2,0.9,1.9,9.3
Dion Waiters,SG,28,MIA,3.0,0.0,14.0,3.3,8.7,0.385,2.7,5.7,0.471,0.7,3.0,0.222,0.538,0.0,0.3,0.0,0.0,3.7,3.7,1.0,0.0,0.7,1.0,1.7,9.3
Jarrett Culver,SG,20,MIN,63.0,35.0,23.9,3.7,9.0,0.404,1.0,3.5,0.299,2.6,5.5,0.471,0.462,0.9,1.9,0.462,1.1,2.3,3.4,1.7,0.9,0.6,1.3,2.0,9.2
Donte DiVincenzo,SG,23,MIL,66.0,24.0,23.0,3.5,7.7,0.455,1.3,3.7,0.336,2.3,4.0,0.567,0.536,1.0,1.3,0.733,1.0,3.8,4.8,2.3,1.3,0.3,1.4,1.7,9.2
Daniel Theis,C,27,BOS,65.0,64.0,24.1,3.7,6.6,0.566,0.5,1.5,0.333,3.2,5.1,0.633,0.603,1.3,1.8,0.763,2.2,4.4,6.6,1.7,0.6,1.3,0.8,3.4,9.2
Mikal Bridges,SF,23,PHO,73.0,32.0,28.0,3.4,6.6,0.51,1.0,2.7,0.361,2.4,4.0,0.61,0.583,1.4,1.7,0.844,0.9,3.1,4.0,1.8,1.4,0.6,1.0,2.2,9.1
Maxi Kleber,PF,28,DAL,74.0,21.0,25.5,3.2,6.9,0.461,1.6,4.3,0.373,1.6,2.6,0.605,0.577,1.1,1.3,0.849,1.5,3.7,5.2,1.2,0.3,1.1,0.8,2.4,9.1
Keldon Johnson,SF,20,SAS,17.0,1.0,17.7,3.1,5.2,0.596,0.8,1.3,0.591,2.4,3.9,0.597,0.669,2.1,2.6,0.795,0.6,2.8,3.4,0.9,0.8,0.1,0.8,1.6,9.1
Jake Layman,SF,25,MIN,23.0,2.0,22.0,3.5,7.8,0.453,1.0,3.1,0.333,2.5,4.7,0.533,0.52,1.0,1.4,0.75,0.7,1.7,2.5,0.7,0.7,0.4,1.0,2.0,9.1
Sviatoslav Mykhailiuk,SF,22,DET,56.0,27.0,22.6,3.0,7.2,0.41,2.1,5.1,0.404,0.9,2.1,0.425,0.552,1.0,1.3,0.814,0.3,1.6,1.9,1.9,0.7,0.1,1.1,1.6,9.0
Naz Reid,C,20,MIN,30.0,11.0,16.5,3.3,8.1,0.412,1.1,3.2,0.33,2.3,4.9,0.466,0.477,1.2,1.8,0.698,1.1,3.0,4.1,1.2,0.6,0.7,0.7,2.8,9.0
Monte Morris,PG,24,DEN,73.0,12.0,22.4,3.6,7.8,0.459,0.9,2.4,0.378,2.7,5.4,0.495,0.517,1.0,1.2,0.843,0.3,1.5,1.9,3.5,0.8,0.2,0.7,1.0,9.0
Josh Jackson,SF,22,MEM,22.0,0.0,17.3,3.2,7.2,0.44,1.0,3.3,0.319,2.1,4.0,0.54,0.513,1.6,2.3,0.7,0.5,2.5,3.0,1.6,0.8,0.4,1.3,1.8,9.0
Dragan Bender,PF,22,GSW,9.0,3.0,21.7,3.4,7.9,0.437,1.2,3.8,0.324,2.2,4.1,0.541,0.514,0.9,1.2,0.727,1.8,4.1,5.9,2.1,0.4,0.4,1.8,2.9,9.0
Derrick Favors,C,28,NOP,51.0,49.0,24.4,4.1,6.6,0.617,0.0,0.1,0.143,4.1,6.5,0.627,0.618,0.8,1.4,0.563,3.2,6.6,9.8,1.6,0.6,0.9,1.1,2.1,9.0
Gary Trent Jr.,SF,21,POR,61.0,8.0,21.8,3.2,7.2,0.444,1.8,4.4,0.418,1.4,2.8,0.486,0.571,0.6,0.7,0.822,0.4,1.2,1.6,1.0,0.8,0.3,0.3,1.5,8.9
Bruce Brown,PG,23,DET,58.0,43.0,28.2,3.4,7.7,0.443,0.6,1.7,0.344,2.8,6.1,0.47,0.48,1.5,2.1,0.739,1.1,3.7,4.7,4.0,1.1,0.5,1.7,2.8,8.9
Kent Bazemore,SF,30,TOT,68.0,21.0,24.8,2.9,7.9,0.375,1.2,3.6,0.344,1.7,4.3,0.4,0.453,1.7,2.2,0.769,0.4,3.9,4.3,1.4,1.1,0.6,1.3,2.9,8.8
Jordan Poole,SG,20,GSW,57.0,14.0,22.4,2.9,8.8,0.333,1.3,4.6,0.279,1.6,4.2,0.392,0.406,1.7,2.1,0.798,0.2,1.9,2.1,2.4,0.6,0.2,1.3,1.6,8.8
Cameron Johnson,PF,23,PHO,57.0,9.0,22.0,3.1,7.1,0.435,1.9,4.8,0.39,1.2,2.3,0.526,0.565,0.8,1.0,0.807,0.9,2.4,3.3,1.2,0.6,0.4,0.6,1.5,8.8
Austin Rivers,SG,27,HOU,68.0,4.0,23.4,3.1,7.4,0.421,1.4,4.0,0.356,1.7,3.4,0.498,0.517,1.1,1.6,0.703,0.4,2.2,2.6,1.7,0.7,0.1,0.7,1.9,8.8
Moritz Wagner,C,22,WAS,45.0,5.0,18.6,3.2,5.9,0.545,0.6,1.8,0.313,2.7,4.1,0.645,0.592,1.7,2.1,0.821,1.2,3.6,4.9,1.2,0.6,0.4,1.5,3.4,8.7
Grayson Allen,SG,24,MEM,38.0,0.0,18.9,3.1,6.6,0.466,1.5,3.7,0.404,1.6,2.9,0.545,0.58,1.0,1.2,0.867,0.2,2.0,2.2,1.4,0.3,0.1,0.9,1.4,8.7
Alex Len,C,26,ATL,40.0,9.0,18.6,3.6,6.5,0.546,0.4,1.4,0.25,3.2,5.1,0.627,0.573,1.3,2.0,0.63,1.7,4.0,5.8,1.1,0.5,0.8,1.0,2.3,8.7
Josh Okogie,SG,21,MIN,62.0,28.0,25.0,2.7,6.4,0.427,0.7,2.5,0.266,2.1,3.9,0.529,0.479,2.5,3.1,0.796,1.4,2.9,4.3,1.6,1.1,0.4,1.4,2.2,8.6
Avery Bradley,SG,29,LAL,49.0,44.0,24.2,3.5,7.8,0.444,1.3,3.5,0.364,2.2,4.3,0.51,0.526,0.4,0.5,0.833,0.4,2.0,2.3,1.3,0.9,0.1,1.0,2.2,8.6
James Ennis,SG,29,ORL,20.0,18.0,24.5,3.0,6.7,0.451,0.9,3.2,0.286,2.1,3.5,0.6,0.519,1.6,1.9,0.838,1.2,3.6,4.8,1.1,0.6,0.4,1.4,2.6,8.5
Jabari Parker,PF,24,SAC,6.0,0.0,13.3,3.5,6.0,0.583,0.2,0.7,0.25,3.3,5.3,0.625,0.597,1.3,1.5,0.889,1.2,2.7,3.8,1.7,0.5,0.2,0.7,1.0,8.5
Derrick Jones Jr.,SF,22,MIA,59.0,16.0,23.3,3.1,5.9,0.527,0.6,2.2,0.28,2.5,3.7,0.677,0.58,1.6,2.1,0.772,1.1,2.8,3.9,1.1,1.0,0.6,0.5,2.2,8.5
Justin Holiday,SF,30,IND,73.0,6.0,25.0,2.8,6.7,0.428,1.8,4.5,0.405,1.0,2.1,0.477,0.566,0.7,0.9,0.791,0.4,2.8,3.3,1.3,1.2,0.6,0.6,1.9,8.3
Jeremy Pargo,PG,33,GSW,3.0,0.0,14.7,3.7,7.3,0.5,1.0,2.3,0.429,2.7,5.0,0.533,0.568,0.0,0.3,0.0,0.3,0.7,1.0,2.7,0.3,0.0,1.3,2.7,8.3
Ivica Zubac,C,22,LAC,72.0,70.0,18.4,3.3,5.3,0.613,0.0,0.0,0.0,3.3,5.3,0.616,0.613,1.7,2.3,0.747,2.7,4.8,7.5,1.1,0.2,0.9,0.8,2.3,8.3
E'Twaun Moore,SG,30,NOP,56.0,6.0,18.2,3.3,7.8,0.426,1.1,3.0,0.377,2.2,4.8,0.456,0.498,0.6,0.8,0.689,0.6,1.8,2.3,1.4,0.6,0.2,0.7,1.4,8.3
DeAndre Jordan,C,31,BRK,56.0,6.0,22.0,3.4,5.1,0.666,0.0,0.0,0.0,3.4,5.1,0.666,0.666,1.5,2.2,0.68,2.5,7.5,10.0,1.9,0.3,0.9,1.3,2.0,8.3
Anfernee Simons,SG,20,POR,70.0,4.0,20.7,3.1,7.7,0.399,1.1,3.2,0.332,2.0,4.4,0.448,0.469,1.1,1.3,0.826,0.4,1.8,2.2,1.4,0.4,0.1,0.9,1.9,8.3
Kelly Olynyk,C,28,MIA,67.0,9.0,19.4,2.7,5.9,0.462,1.4,3.5,0.406,1.3,2.4,0.543,0.582,1.3,1.5,0.86,0.7,3.9,4.6,1.7,0.7,0.3,1.1,2.6,8.2
Jalen Brunson,PG,23,DAL,57.0,16.0,17.9,3.2,6.8,0.466,0.8,2.1,0.358,2.4,4.7,0.515,0.522,1.1,1.3,0.813,0.4,2.0,2.4,3.3,0.4,0.1,1.2,1.3,8.2
Reggie Bullock,SG,28,NYK,29.0,19.0,23.6,3.1,7.7,0.402,1.3,3.8,0.333,1.8,3.9,0.469,0.484,0.6,0.7,0.81,0.4,1.9,2.3,1.4,0.9,0.1,0.7,1.9,8.1
Jahlil Okafor,C,24,NOP,30.0,9.0,15.6,3.4,5.4,0.623,0.0,0.1,0.333,3.3,5.3,0.629,0.627,1.3,2.1,0.645,1.6,2.6,4.2,1.2,0.2,0.7,1.3,2.2,8.1
Enes Kanter,C,27,BOS,58.0,7.0,16.9,3.4,6.0,0.572,0.0,0.1,0.143,3.4,5.9,0.581,0.573,1.2,1.7,0.707,2.8,4.6,7.4,1.0,0.4,0.7,1.0,1.7,8.1
Dewayne Dedmon,C,30,ATL,10.0,8.0,23.3,3.3,8.4,0.393,0.8,3.6,0.222,2.5,4.8,0.521,0.44,0.7,0.8,0.875,1.4,6.8,8.2,0.7,1.0,1.5,1.0,4.0,8.1
Trevor Ariza,SF,34,TOT,53.0,21.0,28.2,2.7,6.1,0.438,1.5,3.9,0.372,1.2,2.2,0.556,0.557,1.2,1.4,0.838,0.6,4.0,4.6,1.7,1.3,0.3,1.1,2.1,8.0
Tony Snell,SF,28,DET,59.0,57.0,27.8,2.9,6.5,0.445,1.7,4.3,0.402,1.2,2.2,0.531,0.579,0.5,0.5,1.0,0.2,1.7,1.9,2.2,0.5,0.3,0.5,1.7,8.0
Sindarius Thornwell,SF,25,NOP,2.0,0.0,17.5,3.0,5.5,0.545,1.0,2.0,0.5,2.0,3.5,0.571,0.636,1.0,2.0,0.5,0.0,2.0,2.0,2.0,0.5,0.5,1.0,1.0,8.0
Draymond Green,PF,29,GSW,43.0,43.0,28.4,2.9,7.3,0.389,0.8,3.0,0.279,2.0,4.3,0.465,0.446,1.5,1.9,0.759,0.5,5.7,6.2,6.2,1.4,0.8,2.3,2.6,8.0
Danny Green,SG,32,LAL,68.0,68.0,24.8,2.9,7.0,0.416,1.8,4.8,0.367,1.1,2.2,0.524,0.542,0.5,0.7,0.688,0.8,2.6,3.3,1.3,1.3,0.5,0.9,2.0,8.0
Alex Len,C,26,TOT,55.0,12.0,17.6,3.2,5.8,0.555,0.3,1.1,0.271,2.9,4.7,0.619,0.58,1.2,1.9,0.648,1.8,4.0,5.8,0.9,0.4,0.9,1.0,2.3,8.0
Willie Cauley-Stein,C,26,GSW,41.0,37.0,22.9,3.5,6.3,0.56,0.0,0.0,0.0,3.5,6.3,0.56,0.56,0.9,1.4,0.614,1.7,4.5,6.2,1.5,1.1,1.2,0.9,2.5,7.9
Patrick Beverley,PG,31,LAC,51.0,50.0,26.3,2.9,6.7,0.431,1.6,4.0,0.388,1.3,2.6,0.496,0.548,0.6,0.9,0.66,1.1,4.1,5.2,3.6,1.1,0.5,1.3,3.1,7.9
Malik Beasley,SG,23,DEN,41.0,0.0,18.2,2.9,7.3,0.389,1.4,3.9,0.36,1.4,3.4,0.421,0.485,0.8,0.9,0.868,0.2,1.7,1.9,1.2,0.8,0.1,0.9,1.2,7.9
Kent Bazemore,SF,30,POR,43.0,21.0,25.8,2.6,7.6,0.347,1.3,4.0,0.327,1.3,3.6,0.368,0.433,1.3,1.7,0.806,0.3,3.7,4.0,1.4,1.0,0.7,1.4,2.8,7.9
Timothé Luwawu-Cabarrot,SF,24,BRK,47.0,2.0,18.1,2.5,5.7,0.435,1.3,3.4,0.388,1.2,2.3,0.505,0.55,1.5,1.7,0.852,0.6,2.1,2.7,0.6,0.4,0.1,0.8,2.3,7.8
Jeff Green,PF,33,UTA,30.0,2.0,18.4,2.5,6.5,0.385,1.1,3.5,0.327,1.4,3.0,0.451,0.472,1.6,2.1,0.778,0.5,2.2,2.7,0.7,0.4,0.3,0.9,1.5,7.8
Chandler Hutchison,SF,23,CHI,28.0,10.0,18.8,2.9,6.3,0.457,0.4,1.4,0.316,2.4,4.9,0.496,0.491,1.6,2.8,0.59,0.6,3.2,3.9,0.9,1.0,0.3,1.0,1.7,7.8
Jeff Teague,PG,31,ATL,25.0,4.0,20.8,2.7,6.6,0.412,0.4,1.2,0.333,2.3,5.4,0.43,0.442,1.9,2.1,0.887,0.5,1.7,2.2,4.0,0.8,0.2,1.6,1.4,7.7
J.J. Barea,PG,35,DAL,29.0,6.0,15.5,2.9,7.1,0.411,1.1,2.9,0.376,1.8,4.2,0.434,0.488,0.7,0.8,0.909,0.3,1.5,1.8,3.9,0.2,0.1,1.3,0.9,7.7
Glenn Robinson III,SF,26,PHI,14.0,4.0,19.3,3.1,6.1,0.518,0.6,1.9,0.333,2.5,4.1,0.603,0.571,0.8,0.9,0.917,1.1,2.1,3.1,0.8,0.6,0.1,0.4,1.3,7.7
Omari Spellman,C,22,GSW,49.0,3.0,18.1,2.6,6.0,0.431,0.9,2.2,0.391,1.7,3.8,0.454,0.503,1.5,1.9,0.793,1.6,2.9,4.5,1.0,0.7,0.5,1.1,1.3,7.6
Jordan McLaughlin,PG,23,MIN,30.0,2.0,19.7,2.9,5.9,0.489,1.0,2.5,0.382,1.9,3.4,0.569,0.57,0.9,1.3,0.667,0.2,1.4,1.6,4.2,1.1,0.1,1.0,1.0,7.6
De'Anthony Melton,PG,21,MEM,60.0,8.0,19.5,2.7,6.7,0.401,0.7,2.3,0.286,2.0,4.4,0.464,0.451,1.6,2.0,0.769,0.7,3.0,3.7,2.9,1.3,0.3,1.4,1.8,7.6
Terence Davis,SG,22,TOR,72.0,4.0,16.8,2.8,6.1,0.456,1.3,3.4,0.388,1.5,2.7,0.541,0.564,0.7,0.8,0.864,0.7,2.6,3.3,1.6,0.5,0.2,1.1,1.7,7.5
Marc Gasol,C,35,TOR,44.0,43.0,26.4,2.7,6.3,0.427,1.3,3.4,0.385,1.4,3.0,0.473,0.529,0.8,1.1,0.735,0.7,5.5,6.3,3.3,0.8,0.9,1.3,2.8,7.5
Dwight Howard,C,34,LAL,69.0,2.0,18.9,2.9,4.0,0.729,0.0,0.1,0.6,2.9,3.9,0.732,0.735,1.6,3.1,0.514,2.5,4.9,7.3,0.7,0.4,1.1,1.2,3.2,7.5
Wesley Matthews,SG,33,MIL,67.0,67.0,24.4,2.5,6.3,0.396,1.6,4.4,0.364,0.9,1.9,0.472,0.524,0.8,1.0,0.765,0.3,2.1,2.5,1.4,0.6,0.1,0.6,1.5,7.4
Tyus Jones,PG,23,MEM,65.0,6.0,19.0,3.0,6.6,0.459,0.7,1.9,0.379,2.3,4.7,0.492,0.514,0.7,0.9,0.741,0.1,1.4,1.6,4.4,0.9,0.1,0.8,0.7,7.4
Trey Burke,PG,27,TOT,33.0,1.0,15.8,2.8,6.3,0.45,1.0,2.3,0.427,1.9,4.1,0.463,0.526,0.7,0.9,0.793,0.5,1.0,1.5,2.5,0.5,0.1,0.6,1.0,7.4
Nerlens Noel,C,25,OKC,61.0,7.0,18.5,3.0,4.4,0.684,0.0,0.0,0.333,3.0,4.4,0.688,0.686,1.3,1.7,0.755,1.5,3.4,4.9,0.9,1.0,1.5,1.1,2.7,7.4
Ky Bowman,PG,22,GSW,45.0,12.0,22.6,3.0,7.1,0.417,0.7,2.4,0.308,2.2,4.8,0.472,0.469,0.8,0.9,0.829,0.5,2.2,2.7,2.9,1.0,0.2,1.6,2.3,7.4
Jaxson Hayes,C,19,NOP,64.0,14.0,16.9,2.7,4.0,0.672,0.0,0.1,0.25,2.7,4.0,0.678,0.674,1.9,3.0,0.647,1.5,2.5,4.0,0.9,0.4,0.9,0.8,2.5,7.4
Ian Mahinmi,C,33,WAS,38.0,35.0,21.3,2.7,5.5,0.495,0.1,0.7,0.192,2.6,4.8,0.538,0.507,1.8,3.0,0.619,2.1,3.7,5.7,1.3,0.8,1.2,1.2,3.0,7.4
Gorgui Dieng,C,30,TOT,63.0,17.0,17.4,2.6,5.8,0.456,0.9,2.4,0.355,1.8,3.4,0.528,0.53,1.2,1.6,0.772,1.4,4.2,5.6,1.2,0.8,0.9,1.0,2.0,7.4
Gorgui Dieng,C,30,MIN,46.0,17.0,16.9,2.7,6.0,0.448,1.0,2.6,0.383,1.7,3.4,0.497,0.531,1.0,1.3,0.797,1.6,4.0,5.6,1.3,0.8,0.9,1.0,1.9,7.4
Bismack Biyombo,C,27,CHO,53.0,29.0,19.4,2.8,5.2,0.543,0.0,0.0,0.0,2.8,5.2,0.543,0.543,1.7,2.8,0.603,2.3,3.5,5.8,0.9,0.2,0.9,0.9,2.2,7.4
Kris Dunn,PG,25,CHI,51.0,32.0,24.9,3.0,6.7,0.444,0.6,2.2,0.259,2.4,4.5,0.535,0.487,0.8,1.1,0.741,0.5,3.2,3.6,3.4,2.0,0.3,1.3,3.1,7.3
Emmanuel Mudiay,PG,23,UTA,54.0,2.0,15.7,2.8,6.1,0.462,0.6,1.6,0.345,2.2,4.4,0.504,0.508,1.2,1.5,0.759,0.3,2.0,2.3,2.1,0.4,0.2,1.4,1.3,7.3
Willie Cauley-Stein,C,26,TOT,54.0,39.0,20.3,3.2,5.6,0.579,0.0,0.0,0.0,3.2,5.6,0.581,0.579,0.7,1.2,0.606,1.6,4.3,5.8,1.3,0.9,1.1,0.7,2.2,7.2
Michael Carter-Williams,SG,28,ORL,45.0,0.0,18.5,2.5,5.8,0.427,0.5,1.7,0.293,2.0,4.1,0.481,0.469,1.8,2.1,0.832,1.0,2.2,3.3,2.4,1.1,0.5,1.2,1.9,7.2
Mason Plumlee,C,29,DEN,61.0,1.0,17.3,2.9,4.7,0.615,0.0,0.1,0.0,2.9,4.6,0.625,0.615,1.4,2.5,0.535,1.6,3.6,5.2,2.5,0.5,0.6,1.3,2.3,7.2
Gorgui Dieng,C,30,MEM,17.0,0.0,18.7,2.5,5.1,0.483,0.5,1.9,0.25,2.0,3.2,0.618,0.529,1.8,2.5,0.738,1.1,4.7,5.8,0.9,0.8,1.0,0.9,2.1,7.2
Rajon Rondo,PG,33,LAL,48.0,3.0,20.5,2.9,6.8,0.418,0.9,2.6,0.328,2.0,4.2,0.473,0.48,0.6,0.9,0.659,0.5,2.5,3.0,5.0,0.8,0.0,1.9,1.2,7.1
Jeremiah Martin,PG,23,BRK,9.0,0.0,11.0,2.7,5.9,0.453,0.6,2.0,0.278,2.1,3.9,0.543,0.5,1.2,1.6,0.786,0.1,1.0,1.1,2.0,0.8,0.2,0.4,0.8,7.1
Zach Collins,PF,22,POR,11.0,11.0,26.4,2.9,6.2,0.471,0.6,1.7,0.368,2.3,4.5,0.51,0.522,0.5,0.7,0.75,2.3,4.0,6.3,1.5,0.5,0.5,1.3,3.3,7.0
Rondae Hollis-Jefferson,PF,25,TOR,60.0,6.0,18.7,2.6,5.5,0.471,0.1,0.4,0.13,2.5,5.1,0.497,0.476,1.8,2.4,0.734,1.8,2.9,4.7,1.8,0.8,0.4,1.0,1.9,7.0
P.J. Tucker,PF,34,HOU,72.0,72.0,34.3,2.5,5.9,0.415,1.5,4.2,0.358,1.0,1.8,0.551,0.541,0.5,0.7,0.813,1.6,5.1,6.6,1.6,1.1,0.5,1.0,3.2,6.9
John Henson,C,29,DET,11.0,6.0,17.1,3.1,4.6,0.667,0.2,0.5,0.4,2.9,4.2,0.696,0.686,0.5,1.2,0.462,1.3,3.1,4.4,1.0,0.7,0.9,1.4,2.1,6.9
Harry Giles,C,21,SAC,46.0,17.0,14.5,3.0,5.5,0.554,0.0,0.0,0.0,3.0,5.4,0.558,0.554,0.8,1.1,0.776,0.9,3.2,4.1,1.3,0.5,0.4,1.0,2.6,6.9
Hamidou Diallo,SF,21,OKC,46.0,3.0,19.5,2.9,6.4,0.446,0.3,1.2,0.281,2.5,5.2,0.485,0.473,0.8,1.4,0.603,1.0,2.7,3.6,0.8,0.8,0.2,1.1,2.2,6.9
Frank Mason III,PG,25,MIL,9.0,0.0,13.1,2.6,5.7,0.451,0.7,2.3,0.286,1.9,3.3,0.567,0.51,1.1,1.9,0.588,0.6,1.6,2.1,3.2,0.6,0.1,1.2,1.2,6.9
Delon Wright,PG,27,DAL,73.0,5.0,21.5,2.6,5.6,0.462,0.6,1.7,0.37,2.0,3.9,0.504,0.519,1.1,1.4,0.77,1.0,2.9,3.8,3.3,1.2,0.3,1.0,1.3,6.9
Brad Wanamaker,PG,30,BOS,71.0,1.0,19.3,2.3,5.1,0.448,0.5,1.4,0.363,1.8,3.7,0.481,0.499,1.8,1.9,0.926,0.3,1.7,2.0,2.5,0.9,0.2,1.1,1.9,6.9
Maurice Harkless,SF,26,NYK,12.0,10.0,23.8,2.5,5.5,0.455,0.6,2.1,0.28,1.9,3.4,0.561,0.508,1.3,2.0,0.625,0.7,2.7,3.3,1.7,0.8,0.3,0.6,2.3,6.8
Luguentz Dort,SF,20,OKC,36.0,28.0,22.8,2.4,6.1,0.394,0.8,2.8,0.297,1.6,3.3,0.479,0.463,1.2,1.5,0.792,0.7,1.6,2.3,0.8,0.9,0.1,0.6,2.7,6.8
Keita Bates-Diop,PF,24,MIN,37.0,0.0,17.5,2.4,5.6,0.422,0.8,2.5,0.33,1.5,3.0,0.5,0.498,1.2,1.8,0.708,0.6,2.4,3.0,0.8,0.5,0.5,0.4,1.0,6.8
JaMychal Green,PF,29,LAC,63.0,1.0,20.7,2.4,5.6,0.429,1.5,3.8,0.387,0.9,1.8,0.518,0.56,0.6,0.8,0.75,1.2,4.9,6.2,0.8,0.5,0.4,0.9,2.8,6.8
Denzel Valentine,SF,26,CHI,36.0,5.0,13.6,2.7,6.6,0.409,1.3,3.8,0.336,1.4,2.8,0.51,0.506,0.2,0.2,0.75,0.3,1.8,2.1,1.2,0.7,0.2,0.7,1.4,6.8
Marvin Williams,PF,33,CHO,41.0,1.0,19.7,2.3,5.1,0.448,1.1,2.9,0.376,1.2,2.3,0.538,0.552,1.0,1.2,0.86,0.4,2.3,2.7,1.0,0.6,0.5,0.6,1.7,6.7
Kyle Korver,SF,38,MIL,58.0,1.0,16.6,2.2,5.1,0.43,1.7,4.1,0.418,0.5,1.0,0.482,0.599,0.6,0.7,0.854,0.3,1.8,2.1,1.2,0.4,0.2,0.8,1.3,6.7
Damyean Dotson,SG,25,NYK,48.0,0.0,17.4,2.5,6.0,0.414,1.2,3.4,0.362,1.3,2.6,0.48,0.516,0.5,0.7,0.667,0.2,1.7,1.9,1.2,0.5,0.1,0.4,0.9,6.7
Nicolò Melli,C,29,NOP,60.0,8.0,17.4,2.3,5.4,0.421,1.2,3.4,0.335,1.1,2.0,0.573,0.528,0.9,1.2,0.74,0.6,2.4,3.0,1.4,0.6,0.4,0.8,2.1,6.6
JaVale McGee,C,32,LAL,68.0,68.0,16.6,2.9,4.5,0.637,0.0,0.1,0.5,2.8,4.4,0.64,0.642,0.8,1.2,0.646,1.8,3.9,5.7,0.5,0.5,1.4,0.8,2.3,6.6
Ersan İlyasova,PF,32,MIL,63.0,8.0,15.7,2.3,5.0,0.466,0.8,2.2,0.365,1.5,2.8,0.545,0.546,1.1,1.4,0.828,1.0,3.8,4.8,0.8,0.4,0.3,0.5,1.5,6.6
Donta Hall,C,22,BRK,5.0,0.0,17.0,2.8,3.6,0.778,0.0,0.0,0.0,2.8,3.6,0.778,0.778,1.0,2.4,0.417,1.6,3.0,4.6,0.4,0.4,1.0,0.6,2.8,6.6
Chris Boucher,C,27,TOR,62.0,0.0,13.2,2.3,4.8,0.472,0.6,1.9,0.322,1.7,2.9,0.569,0.535,1.5,1.9,0.784,1.7,2.7,4.5,0.4,0.4,1.0,0.5,1.8,6.6
Boban Marjanović,C,31,DAL,44.0,5.0,9.6,2.8,4.8,0.573,0.1,0.4,0.235,2.7,4.4,0.603,0.583,1.0,1.3,0.754,1.5,3.0,4.5,0.5,0.2,0.2,0.7,1.3,6.6
T.J. McConnell,PG,27,IND,71.0,3.0,18.7,3.0,5.8,0.516,0.1,0.2,0.294,2.9,5.5,0.525,0.522,0.5,0.6,0.833,0.5,2.1,2.7,5.0,0.8,0.2,1.4,1.0,6.5
Allonzo Trier,SG,24,NYK,24.0,1.0,12.1,2.1,4.4,0.481,0.8,2.2,0.358,1.3,2.2,0.604,0.571,1.4,1.8,0.791,0.3,1.0,1.2,1.2,0.1,0.2,0.9,1.2,6.5
Trey Lyles,PF,24,SAS,63.0,53.0,20.2,2.4,5.4,0.446,1.0,2.7,0.387,1.4,2.8,0.503,0.541,0.5,0.7,0.733,1.1,4.6,5.7,1.1,0.4,0.4,0.6,1.6,6.4
Sekou Doumbouya,PF,19,DET,38.0,19.0,19.8,2.4,6.2,0.39,0.7,2.6,0.286,1.7,3.6,0.464,0.449,0.8,1.2,0.674,0.5,2.6,3.1,0.5,0.5,0.2,0.9,2.1,6.4
Lonnie Walker,SG,21,SAS,61.0,12.0,16.2,2.5,5.9,0.426,0.7,1.7,0.406,1.8,4.2,0.434,0.483,0.7,1.0,0.721,0.4,1.9,2.3,1.1,0.5,0.2,0.7,1.3,6.4
Kevin Knox,SF,20,NYK,65.0,4.0,17.9,2.2,6.2,0.359,1.0,3.1,0.327,1.2,3.1,0.391,0.44,1.0,1.6,0.653,0.4,2.4,2.8,0.9,0.4,0.4,0.7,1.6,6.4
Kelan Martin,SF,24,MIN,31.0,4.0,16.0,2.3,5.8,0.392,0.8,3.1,0.26,1.5,2.7,0.541,0.461,1.0,1.0,0.968,0.4,2.7,3.1,0.7,0.2,0.3,0.6,1.6,6.4
Cory Joseph,PG,28,SAC,72.0,26.0,24.4,2.4,5.7,0.415,0.8,2.2,0.352,1.6,3.5,0.455,0.483,0.8,1.0,0.857,0.6,2.0,2.6,3.5,0.7,0.3,1.1,1.8,6.4
Chris Chiozza,PG,24,BRK,18.0,2.0,15.4,2.5,5.9,0.425,1.1,3.1,0.357,1.4,2.8,0.5,0.519,0.3,0.3,1.0,0.5,1.6,2.1,3.1,0.6,0.1,1.3,1.4,6.4
C.J. Miles,SF,32,WAS,10.0,0.0,16.1,1.9,5.9,0.322,1.1,3.5,0.314,0.8,2.4,0.333,0.415,1.5,2.0,0.75,0.4,0.8,1.2,1.2,1.0,0.4,0.4,1.4,6.4
Royce O'Neale,SF,26,UTA,71.0,62.0,28.9,2.2,5.1,0.433,1.3,3.4,0.377,0.9,1.7,0.545,0.559,0.6,0.8,0.764,0.4,5.1,5.5,2.5,0.8,0.5,0.9,2.8,6.3
Marco Belinelli,SG,33,SAS,57.0,0.0,15.5,2.2,5.5,0.392,1.2,3.1,0.376,1.0,2.4,0.412,0.498,0.8,1.0,0.828,0.1,1.6,1.7,1.2,0.2,0.0,0.3,0.8,6.3
Frank Ntilikina,PG,21,NYK,57.0,26.0,20.8,2.3,5.8,0.393,0.8,2.4,0.321,1.5,3.4,0.444,0.459,0.9,1.0,0.864,0.4,1.7,2.1,3.0,0.9,0.3,1.2,2.5,6.3
Frank Jackson,PG,21,NOP,59.0,2.0,13.5,2.3,5.6,0.405,0.8,2.4,0.326,1.5,3.2,0.465,0.476,0.9,1.3,0.747,0.4,1.0,1.4,1.0,0.3,0.1,0.8,1.3,6.3
Abdel Nader,SF,26,OKC,55.0,6.0,15.8,2.2,4.8,0.468,0.9,2.3,0.375,1.4,2.5,0.556,0.559,0.9,1.2,0.773,0.3,1.6,1.8,0.7,0.4,0.4,0.8,1.4,6.3
Caleb Martin,SF,24,CHO,18.0,1.0,17.6,2.1,4.7,0.44,1.1,2.1,0.541,0.9,2.6,0.362,0.56,0.9,1.2,0.81,0.6,1.6,2.1,1.3,0.7,0.4,0.8,1.8,6.2
Willy Hernangómez,C,25,CHO,31.0,0.0,12.1,2.4,4.5,0.532,0.2,0.7,0.227,2.2,3.8,0.59,0.55,1.2,1.9,0.627,1.4,2.9,4.3,0.9,0.3,0.2,1.0,1.0,6.1
Taj Gibson,C,34,NYK,62.0,56.0,16.5,2.7,4.6,0.584,0.1,0.2,0.286,2.6,4.4,0.599,0.591,0.7,0.9,0.732,1.8,2.5,4.3,0.8,0.4,0.5,0.8,2.0,6.1
Meyers Leonard,C,27,MIA,51.0,49.0,20.3,2.3,4.6,0.509,1.0,2.5,0.414,1.3,2.1,0.623,0.622,0.4,0.5,0.643,0.6,4.5,5.1,1.1,0.3,0.3,0.8,2.1,6.1
Brandon Goodwin,PG,24,ATL,34.0,1.0,12.6,2.2,5.6,0.4,0.8,2.6,0.299,1.5,3.0,0.485,0.468,0.8,0.9,0.933,0.3,1.8,2.1,1.5,0.4,0.1,0.9,1.3,6.1
Trevor Ariza,SF,34,SAC,32.0,0.0,24.7,2.0,5.2,0.388,1.3,3.8,0.352,0.7,1.3,0.488,0.518,0.7,0.8,0.778,0.7,3.9,4.6,1.6,1.1,0.2,0.9,2.0,6.0
Mike Scott,PF,31,PHI,68.0,11.0,17.8,2.2,5.1,0.426,1.2,3.2,0.369,1.0,2.0,0.519,0.54,0.4,0.5,0.811,1.0,2.7,3.6,0.8,0.3,0.1,0.4,1.4,6.0
Luke Kornet,C,24,CHI,36.0,14.0,15.5,2.3,5.2,0.439,0.9,3.0,0.287,1.4,2.2,0.646,0.521,0.6,0.8,0.714,0.6,1.7,2.3,0.9,0.3,0.7,0.4,1.5,6.0
Juan Hernangómez,PF,24,TOT,48.0,14.0,17.4,2.1,5.1,0.405,0.9,2.7,0.341,1.2,2.5,0.475,0.494,0.9,1.5,0.62,0.9,3.2,4.1,0.8,0.4,0.2,0.7,1.3,6.0
Eric Mika,C,25,SAC,1.0,0.0,19.0,2.0,3.0,0.667,0.0,0.0,0.0,2.0,3.0,0.667,0.667,2.0,2.0,1.0,2.0,5.0,7.0,0.0,0.0,0.0,0.0,5.0,6.0
Dusty Hannahs,SG,26,MEM,2.0,0.0,6.5,2.0,4.5,0.444,1.0,1.5,0.667,1.0,3.0,0.333,0.556,1.0,1.0,1.0,0.0,0.5,0.5,0.0,0.0,0.0,0.0,0.5,6.0
Devontae Cacok,C,23,LAL,1.0,0.0,9.0,3.0,6.0,0.5,0.0,0.0,0.0,3.0,6.0,0.5,0.5,0.0,0.0,0.0,2.0,3.0,5.0,1.0,0.0,0.0,0.0,0.0,6.0
DeMarre Carroll,C,33,HOU,9.0,0.0,17.2,1.8,4.1,0.432,0.6,2.2,0.25,1.2,1.9,0.647,0.5,1.9,2.4,0.773,0.6,2.1,2.7,1.6,0.7,0.3,0.8,1.3,6.0
Wilson Chandler,PF,32,BRK,35.0,3.0,21.0,2.1,5.2,0.404,1.1,3.5,0.306,1.1,1.8,0.597,0.505,0.6,0.7,0.87,0.3,3.8,4.1,1.1,0.5,0.3,1.0,2.3,5.9
Trey Burke,PG,27,PHI,25.0,0.0,13.2,2.4,5.1,0.465,0.6,1.5,0.421,1.7,3.6,0.483,0.528,0.5,0.7,0.722,0.6,0.8,1.4,2.1,0.3,0.0,0.5,0.8,5.9
Marvin Williams,PF,33,TOT,58.0,1.0,19.5,2.1,4.6,0.446,1.0,2.7,0.359,1.1,1.9,0.568,0.551,0.8,1.0,0.86,0.5,2.6,3.2,1.0,0.6,0.5,0.6,1.8,5.9
Georges Niang,PF,26,UTA,66.0,1.0,14.0,2.1,4.9,0.438,1.4,3.4,0.4,0.8,1.5,0.526,0.578,0.3,0.4,0.833,0.2,1.7,1.9,0.7,0.3,0.1,0.5,1.1,5.9
Alex Len,C,26,SAC,15.0,3.0,15.0,2.3,3.9,0.593,0.1,0.2,0.667,2.2,3.7,0.589,0.61,1.1,1.6,0.708,2.1,4.0,6.1,0.5,0.2,1.0,1.1,2.3,5.9
Wesley Iwundu,SF,25,ORL,52.0,21.0,18.3,1.9,4.5,0.416,0.5,1.6,0.341,1.3,2.9,0.457,0.476,1.5,1.9,0.804,0.5,2.1,2.5,1.2,0.5,0.3,0.5,1.5,5.8
Skal Labissière,C,23,POR,33.0,1.0,17.2,2.5,4.5,0.551,0.1,0.4,0.231,2.4,4.1,0.582,0.561,0.8,1.0,0.758,2.0,3.2,5.1,1.3,0.2,0.9,0.9,2.7,5.8
PJ Dozier,SG,23,DEN,29.0,0.0,14.2,2.2,5.4,0.414,0.6,1.7,0.347,1.7,3.7,0.444,0.468,0.7,1.0,0.724,0.3,1.6,1.9,2.2,0.5,0.2,0.9,1.6,5.8
Kyle Anderson,SF,26,MEM,67.0,28.0,19.9,2.3,4.9,0.474,0.4,1.3,0.282,2.0,3.7,0.541,0.511,0.8,1.2,0.667,0.9,3.4,4.3,2.4,0.8,0.6,1.0,1.7,5.8
James Ennis,SF,29,PHI,49.0,0.0,15.8,2.0,4.6,0.442,0.8,2.2,0.349,1.3,2.4,0.525,0.524,1.0,1.2,0.787,1.0,2.1,3.1,0.8,0.5,0.3,0.6,1.7,5.8
Dewayne Dedmon,C,30,TOT,44.0,18.0,17.6,2.3,5.8,0.4,0.5,2.4,0.206,1.8,3.4,0.541,0.443,0.7,0.8,0.833,1.4,4.3,5.7,0.5,0.6,0.9,1.3,3.0,5.8
DeAndre' Bembry,SG,25,ATL,43.0,4.0,21.3,2.4,5.3,0.456,0.3,1.5,0.231,2.1,3.8,0.546,0.489,0.6,1.1,0.542,0.8,2.7,3.5,1.9,1.3,0.4,1.4,2.0,5.8
Anžejs Pasečņiks,C,24,WAS,27.0,0.0,16.2,2.3,4.3,0.526,0.0,0.1,0.0,2.3,4.2,0.54,0.526,1.3,2.1,0.586,1.6,2.4,4.0,0.7,0.3,0.4,0.9,2.8,5.8
Tyler Johnson,PG,27,PHO,31.0,3.0,16.6,2.1,5.5,0.38,0.8,2.7,0.289,1.3,2.8,0.466,0.45,0.8,1.0,0.75,0.3,1.4,1.7,1.6,0.4,0.3,0.8,1.4,5.7
Talen Horton-Tucker,SG,19,LAL,6.0,1.0,13.5,2.3,5.0,0.467,0.7,2.2,0.308,1.7,2.8,0.588,0.533,0.3,0.7,0.5,0.3,0.8,1.2,1.0,1.3,0.2,1.0,1.7,5.7
Solomon Hill,PF,28,MEM,48.0,3.0,18.8,2.0,4.9,0.412,1.2,3.1,0.381,0.8,1.8,0.465,0.532,0.5,0.8,0.684,0.5,2.5,3.0,2.0,0.6,0.1,0.8,1.5,5.7
Nickeil Alexander-Walker,SG,21,NOP,47.0,1.0,12.6,2.1,5.7,0.368,1.0,2.8,0.346,1.1,2.8,0.391,0.455,0.5,0.8,0.676,0.2,1.6,1.8,1.9,0.4,0.2,1.1,1.2,5.7
James Johnson,PF,32,MIA,18.0,0.0,15.6,2.2,4.8,0.448,0.9,2.5,0.356,1.3,2.3,0.548,0.54,0.4,0.8,0.571,0.4,2.4,2.9,1.2,0.3,0.7,0.8,1.9,5.7
Dwayne Bacon,SG,24,CHO,39.0,11.0,17.6,2.2,6.3,0.348,0.5,1.7,0.284,1.7,4.5,0.373,0.387,0.9,1.4,0.66,0.4,2.2,2.6,1.3,0.6,0.1,0.9,1.3,5.7
Bol Bol,PF,20,DEN,7.0,0.0,12.4,2.0,4.0,0.5,0.6,1.3,0.444,1.4,2.7,0.526,0.571,1.1,1.4,0.8,0.7,2.0,2.7,0.9,0.3,0.9,1.4,1.6,5.7
Jalen McDaniels,SF,22,CHO,16.0,0.0,18.3,2.1,4.4,0.471,0.6,1.5,0.375,1.5,2.9,0.522,0.536,0.9,1.1,0.824,0.9,3.1,4.1,0.8,0.5,0.2,0.7,2.3,5.6
Jakob Poeltl,C,24,SAS,66.0,18.0,17.7,2.5,4.0,0.624,0.0,0.0,0.0,2.5,4.0,0.624,0.624,0.6,1.3,0.465,2.0,3.7,5.7,1.8,0.6,1.4,0.8,1.9,5.6
Darius Bazley,PF,19,OKC,61.0,9.0,18.5,2.0,5.2,0.394,0.8,2.3,0.348,1.2,2.9,0.432,0.472,0.7,1.0,0.694,0.5,3.5,4.0,0.7,0.4,0.7,0.7,0.9,5.6
Dante Exum,SG,24,CLE,24.0,1.0,16.8,1.9,4.0,0.479,0.5,1.5,0.351,1.4,2.5,0.559,0.547,1.3,1.7,0.732,0.4,1.9,2.3,1.4,0.5,0.3,0.9,1.3,5.6
Damian Jones,C,24,ATL,55.0,27.0,16.1,2.2,3.2,0.68,0.0,0.2,0.222,2.2,3.1,0.704,0.685,1.1,1.5,0.738,1.3,2.4,3.7,0.6,0.5,0.7,0.5,2.7,5.6
Solomon Hill,PF,28,TOT,59.0,4.0,18.4,1.9,4.7,0.396,1.1,2.9,0.368,0.8,1.8,0.439,0.509,0.7,0.9,0.741,0.5,2.3,2.8,1.8,0.7,0.2,0.9,1.4,5.5
Maurice Harkless,PF,26,LAC,50.0,38.0,22.8,2.2,4.3,0.516,0.5,1.5,0.37,1.7,2.9,0.59,0.578,0.5,0.8,0.571,0.9,3.1,4.0,1.0,1.0,0.6,0.9,2.4,5.5
Justin Jackson,PF,24,DAL,65.0,3.0,16.1,2.1,5.2,0.396,0.7,2.5,0.294,1.3,2.7,0.489,0.466,0.6,0.8,0.84,0.4,2.0,2.4,0.8,0.2,0.2,0.2,1.1,5.5
John Henson,C,29,TOT,40.0,8.0,15.0,2.4,4.3,0.556,0.2,0.9,0.222,2.2,3.4,0.644,0.579,0.6,1.2,0.5,1.2,2.9,4.1,1.4,0.6,1.1,0.9,2.0,5.5
Dennis Smith Jr.,PG,22,NYK,34.0,3.0,15.8,2.1,6.2,0.341,0.5,1.6,0.296,1.6,4.6,0.357,0.379,0.8,1.6,0.509,0.6,1.7,2.3,2.9,0.8,0.2,1.7,1.9,5.5
Alex Caruso,PG,25,LAL,64.0,2.0,18.4,1.9,4.5,0.412,0.6,1.9,0.333,1.3,2.7,0.468,0.481,1.1,1.5,0.734,0.3,1.7,1.9,1.9,1.1,0.3,0.8,1.5,5.5
Torrey Craig,SF,29,DEN,58.0,27.0,18.5,2.1,4.6,0.461,0.8,2.4,0.326,1.4,2.3,0.603,0.545,0.4,0.6,0.611,1.1,2.2,3.3,0.8,0.4,0.6,0.4,2.3,5.4
Robin Lopez,C,31,MIL,66.0,5.0,14.5,2.2,4.5,0.492,0.5,1.6,0.333,1.7,2.9,0.577,0.55,0.4,0.8,0.528,0.8,1.6,2.4,0.7,0.2,0.7,1.0,1.5,5.4
Pat Connaughton,SG,27,MIL,67.0,4.0,18.6,2.0,4.5,0.455,0.8,2.5,0.331,1.2,2.0,0.607,0.547,0.5,0.6,0.775,0.9,3.3,4.2,1.6,0.4,0.5,0.8,1.0,5.4
Mo Bamba,C,21,ORL,62.0,0.0,14.2,2.1,4.6,0.462,0.6,1.7,0.346,1.5,2.9,0.531,0.526,0.5,0.7,0.674,1.6,3.3,4.9,0.7,0.4,1.4,0.7,1.9,5.4
Garrison Mathews,SG,23,WAS,18.0,0.0,12.6,1.3,3.1,0.429,1.1,2.6,0.413,0.3,0.6,0.5,0.598,1.7,1.9,0.912,0.3,1.0,1.3,0.6,0.4,0.1,0.4,1.8,5.4
Markieff Morris,PF,30,LAL,14.0,1.0,14.2,2.0,4.9,0.406,0.9,2.8,0.333,1.1,2.1,0.5,0.5,0.4,0.4,0.833,1.1,2.1,3.2,0.6,0.4,0.4,0.4,2.1,5.3
Luka Šamanić,PF,20,SAS,3.0,1.0,16.0,1.7,5.3,0.313,1.0,2.7,0.375,0.7,2.7,0.25,0.406,1.0,1.3,0.75,0.3,3.0,3.3,2.0,0.0,0.7,0.7,2.0,5.3
Keita Bates-Diop,SF,24,DEN,7.0,0.0,14.0,1.9,4.0,0.464,0.4,1.3,0.333,1.4,2.7,0.526,0.518,1.1,1.4,0.8,0.6,1.9,2.4,0.0,0.3,0.6,0.4,1.0,5.3
Juan Toscano-Anderson,SG,26,GSW,13.0,6.0,20.9,2.2,4.8,0.46,0.6,1.8,0.348,1.6,3.1,0.525,0.524,0.2,0.4,0.6,0.7,3.3,4.0,2.0,1.0,0.4,1.2,2.3,5.3
Willie Cauley-Stein,C,26,DAL,13.0,2.0,12.1,2.4,3.5,0.689,0.0,0.1,0.0,2.4,3.4,0.705,0.689,0.4,0.7,0.556,1.0,3.6,4.6,0.8,0.3,0.8,0.4,1.5,5.2
Treveon Graham,SF,26,MIN,33.0,20.0,20.1,1.9,5.3,0.354,0.6,2.5,0.241,1.3,2.8,0.457,0.411,0.8,1.1,0.73,0.9,2.2,3.0,0.9,0.5,0.1,0.6,2.0,5.2
Robert Williams,C,22,BOS,29.0,1.0,13.4,2.2,3.0,0.727,0.0,0.0,0.0,2.2,3.0,0.727,0.727,0.8,1.2,0.647,1.4,3.0,4.4,0.9,0.8,1.2,0.7,1.8,5.2
David Nwaba,SF,27,BRK,20.0,0.0,13.4,1.9,3.6,0.521,0.6,1.4,0.429,1.3,2.2,0.581,0.606,0.9,1.4,0.667,0.4,1.9,2.3,0.4,0.6,0.6,0.4,1.6,5.2
Wayne Ellington,SG,32,NYK,36.0,1.0,15.5,1.7,4.8,0.351,1.4,4.0,0.35,0.3,0.9,0.355,0.494,0.3,0.4,0.846,0.1,1.7,1.8,1.2,0.4,0.1,0.5,1.1,5.1
Sterling Brown,SF,24,MIL,52.0,1.0,14.8,1.8,4.9,0.371,0.8,2.6,0.324,1.0,2.3,0.425,0.457,0.6,0.8,0.8,0.6,2.9,3.5,1.0,0.6,0.1,0.8,1.0,5.1
Raul Neto,PG,27,PHI,54.0,3.0,12.4,1.9,4.1,0.455,0.6,1.6,0.386,1.2,2.5,0.5,0.532,0.7,0.9,0.83,0.2,0.9,1.1,1.8,0.4,0.1,0.9,0.9,5.1
Quinn Cook,PG,26,LAL,44.0,1.0,11.5,2.1,4.9,0.425,0.7,1.9,0.365,1.4,2.9,0.465,0.498,0.3,0.3,0.786,0.3,0.9,1.2,1.1,0.3,0.0,0.8,0.6,5.1
Jerome Robinson,SG,22,TOT,63.0,6.0,15.5,1.8,4.9,0.371,0.8,2.4,0.32,1.0,2.5,0.42,0.45,0.6,0.9,0.702,0.2,1.8,2.0,1.4,0.4,0.3,0.8,1.8,5.1
Dewayne Dedmon,C,30,SAC,34.0,10.0,15.9,2.0,5.0,0.404,0.4,2.1,0.197,1.6,2.9,0.55,0.444,0.7,0.8,0.821,1.4,3.6,4.9,0.4,0.4,0.8,1.4,2.7,5.1
Daniel Gafford,C,21,CHI,43.0,7.0,14.2,2.2,3.1,0.701,0.0,0.0,0.0,2.2,3.1,0.701,0.701,0.7,1.4,0.533,1.2,1.3,2.5,0.5,0.3,1.3,0.7,2.3,5.1
Chris Chiozza,PG,24,TOT,28.0,2.0,14.3,2.0,5.0,0.393,1.0,2.6,0.375,1.0,2.4,0.412,0.489,0.2,0.2,1.0,0.3,1.6,1.9,3.0,0.8,0.1,1.1,1.3,5.1
Allen Crabbe,SG,27,ATL,28.0,1.0,18.6,1.9,5.1,0.364,1.1,3.3,0.323,0.8,1.8,0.44,0.469,0.3,0.4,0.75,0.4,2.0,2.3,1.0,0.5,0.1,0.4,1.3,5.1
Vince Carter,PF,43,ATL,60.0,0.0,14.6,1.8,5.1,0.352,1.0,3.4,0.302,0.8,1.7,0.451,0.452,0.4,0.5,0.793,0.3,1.8,2.1,0.8,0.4,0.4,0.6,1.5,5.0
Kadeem Allen,PG,27,NYK,10.0,0.0,11.7,1.9,4.4,0.432,0.5,1.6,0.313,1.4,2.8,0.5,0.489,0.7,1.1,0.636,0.2,0.7,0.9,2.1,0.5,0.2,0.8,0.7,5.0
Jordan Bell,C,25,MEM,2.0,0.0,10.5,1.5,3.5,0.429,1.0,1.5,0.667,0.5,2.0,0.25,0.571,1.0,1.0,1.0,1.0,0.5,1.5,1.0,0.5,0.0,1.5,1.0,5.0
John Henson,C,29,CLE,29.0,2.0,14.2,2.1,4.1,0.508,0.2,1.1,0.194,1.9,3.1,0.618,0.533,0.6,1.1,0.515,1.1,2.8,3.9,1.5,0.6,1.1,0.7,1.9,5.0
Jarrod Uthoff,PF,26,WAS,3.0,0.0,13.0,2.0,3.7,0.545,1.0,1.7,0.6,1.0,2.0,0.5,0.682,0.0,0.0,0.0,0.3,1.3,1.7,0.0,0.0,0.0,0.0,0.3,5.0
Jamal Crawford,SG,39,BRK,1.0,0.0,6.0,2.0,4.0,0.5,1.0,2.0,0.5,1.0,2.0,0.5,0.625,0.0,0.0,0.0,0.0,0.0,0.0,3.0,0.0,0.0,0.0,1.0,5.0
Isaac Bonga,SF,20,WAS,66.0,49.0,18.9,1.8,3.5,0.504,0.4,1.1,0.352,1.4,2.5,0.571,0.558,1.0,1.3,0.812,1.1,2.3,3.4,1.2,0.7,0.3,0.9,2.4,5.0
Cody Martin,SF,24,CHO,48.0,3.0,18.8,1.9,4.3,0.43,0.4,1.6,0.234,1.5,2.7,0.546,0.473,0.9,1.4,0.646,0.8,2.5,3.3,2.0,0.8,0.2,0.9,1.6,5.0
Tony Bradley,C,22,UTA,58.0,3.0,11.4,2.2,3.3,0.667,0.1,0.1,1.0,2.1,3.2,0.661,0.675,0.5,0.8,0.652,1.9,2.7,4.6,0.4,0.2,0.6,0.5,2.0,4.9
Shaquille Harrison,SG,26,CHI,43.0,10.0,11.3,1.8,3.8,0.467,0.4,1.0,0.381,1.4,2.9,0.496,0.515,0.9,1.2,0.78,0.5,1.5,2.0,1.1,0.8,0.4,0.4,1.3,4.9
Patrick Patterson,PF,30,LAC,59.0,18.0,13.2,1.6,3.9,0.408,1.1,2.9,0.39,0.5,1.0,0.459,0.552,0.6,0.7,0.814,0.6,2.0,2.6,0.7,0.1,0.1,0.4,0.9,4.9
Matt Thomas,SG,25,TOR,41.0,1.0,10.7,1.8,3.7,0.487,1.1,2.4,0.475,0.6,1.2,0.51,0.643,0.2,0.3,0.75,0.2,1.3,1.5,0.5,0.2,0.0,0.4,0.9,4.9
Jevon Carter,PG,24,PHO,58.0,2.0,16.3,1.7,4.2,0.416,1.1,2.5,0.425,0.7,1.7,0.402,0.543,0.4,0.5,0.852,0.5,1.5,2.0,1.4,0.8,0.3,0.6,1.5,4.9
Edmond Sumner,SG,24,IND,31.0,3.0,14.4,2.0,4.6,0.43,0.5,1.7,0.264,1.5,2.9,0.528,0.479,0.5,0.9,0.552,0.4,1.1,1.5,1.8,0.5,0.3,0.7,1.4,4.9
Drew Eubanks,C,22,SAS,22.0,3.0,12.4,2.0,3.0,0.642,0.0,0.0,1.0,1.9,3.0,0.636,0.649,0.9,1.2,0.769,1.3,2.6,3.9,0.7,0.2,0.8,1.0,1.7,4.9
Chris Clemons,SG,22,HOU,33.0,0.0,8.8,1.7,4.3,0.401,1.1,3.2,0.346,0.6,1.1,0.571,0.532,0.3,0.3,0.909,0.1,0.8,0.9,0.8,0.3,0.2,0.6,0.8,4.9
Brandon Knight,SG,28,CLE,16.0,0.0,15.1,1.8,5.4,0.326,1.2,4.0,0.297,0.6,1.4,0.409,0.436,0.3,0.8,0.308,0.2,1.1,1.3,1.9,0.3,0.1,1.0,1.3,4.9
Mike Muscala,C,28,OKC,47.0,2.0,12.2,1.6,4.0,0.407,1.1,3.0,0.378,0.5,1.0,0.5,0.55,0.4,0.5,0.818,0.3,2.0,2.3,0.9,0.2,0.3,0.4,1.2,4.8
Mario Hezonja,PF,24,POR,53.0,4.0,16.4,1.7,4.1,0.422,0.5,1.5,0.308,1.3,2.6,0.486,0.477,0.9,1.1,0.814,0.6,2.9,3.5,0.9,0.7,0.2,0.8,2.0,4.8
Justin Wright-Foreman,PG,22,UTA,4.0,0.0,11.3,1.8,5.0,0.35,0.5,2.5,0.2,1.3,2.5,0.5,0.4,0.8,1.0,0.75,0.0,1.3,1.3,1.8,0.5,0.0,0.8,1.3,4.8
Džanan Musa,SF,20,BRK,40.0,0.0,12.2,1.6,4.3,0.372,0.5,2.0,0.244,1.1,2.4,0.479,0.427,1.1,1.5,0.75,0.5,1.6,2.2,1.1,0.4,0.0,0.9,0.8,4.8
Anthony Tolliver,PF,34,MEM,13.0,4.0,18.2,1.5,3.7,0.396,1.3,3.2,0.415,0.2,0.5,0.286,0.573,0.5,0.6,0.875,0.4,2.2,2.5,0.8,0.5,0.1,0.7,1.1,4.8
Thon Maker,C,22,DET,60.0,14.0,12.9,1.6,3.2,0.482,0.4,1.1,0.344,1.2,2.2,0.55,0.539,1.2,1.8,0.664,0.9,1.9,2.8,0.7,0.4,0.7,0.8,1.7,4.7
Matisse Thybulle,SG,22,PHI,65.0,14.0,19.8,1.7,4.1,0.423,0.9,2.4,0.357,0.9,1.7,0.519,0.528,0.4,0.6,0.61,0.7,1.0,1.6,1.2,1.4,0.7,0.8,2.2,4.7
Jacob Evans,SG,22,GSW,27.0,1.0,15.3,1.7,4.9,0.338,0.5,1.4,0.342,1.2,3.5,0.337,0.387,0.9,1.1,0.862,0.3,1.2,1.5,1.1,0.4,0.4,0.9,1.5,4.7
Isaiah Hartenstein,C,21,HOU,23.0,2.0,11.6,1.9,2.9,0.657,0.0,0.2,0.0,1.9,2.7,0.71,0.657,0.8,1.2,0.679,1.3,2.7,3.9,0.8,0.4,0.5,0.7,1.8,4.7
Cheick Diallo,C,23,PHO,47.0,2.0,10.2,2.0,3.0,0.648,0.0,0.1,0.333,1.9,3.0,0.655,0.651,0.7,0.8,0.872,0.6,2.1,2.8,0.5,0.2,0.3,0.7,1.2,4.7
Rodions Kurucs,PF,21,BRK,47.0,9.0,14.6,1.7,3.8,0.446,0.7,1.9,0.367,1.0,1.9,0.529,0.54,0.5,0.8,0.632,0.5,2.4,2.9,1.1,0.5,0.1,1.0,1.9,4.6
Patrick McCaw,SF,24,TOR,37.0,12.0,24.5,1.8,4.4,0.414,0.6,1.9,0.324,1.2,2.5,0.484,0.485,0.4,0.5,0.722,0.5,1.8,2.3,2.1,1.1,0.1,0.8,1.6,4.6
JaKarr Sampson,PF,26,IND,34.0,12.0,13.9,2.0,3.4,0.591,0.1,0.4,0.154,1.9,3.0,0.647,0.6,0.5,0.8,0.667,0.6,2.0,2.6,0.6,0.5,0.4,0.4,1.9,4.6
Andre Iguodala,SF,36,MIA,21.0,0.0,19.9,1.8,4.2,0.432,0.7,2.2,0.298,1.1,2.0,0.585,0.511,0.3,0.7,0.4,0.8,2.9,3.7,2.4,0.7,1.0,1.2,1.7,4.6
Alfonzo McKinnie,SF,27,CLE,40.0,1.0,14.8,1.8,4.3,0.427,0.4,1.6,0.215,1.5,2.7,0.557,0.468,0.6,0.8,0.71,0.9,1.9,2.8,0.4,0.6,0.2,0.7,1.8,4.6
Solomon Hill,PF,28,MIA,11.0,1.0,17.0,1.3,4.1,0.311,0.6,2.2,0.292,0.6,1.9,0.333,0.389,1.3,1.5,0.875,0.5,1.5,1.9,0.9,1.1,0.5,1.0,1.1,4.5
Ryan Arcidiacono,PG,25,CHI,58.0,4.0,16.0,1.6,3.8,0.409,0.9,2.4,0.391,0.6,1.4,0.439,0.532,0.5,0.7,0.711,0.3,1.6,1.9,1.7,0.5,0.1,0.6,1.7,4.5
Jerian Grant,SG,27,WAS,6.0,0.0,13.3,1.7,4.5,0.37,0.3,1.3,0.25,1.3,3.2,0.421,0.407,0.8,1.2,0.714,0.3,0.7,1.0,1.5,0.2,0.2,0.5,1.8,4.5
Dante Exum,SG,24,TOT,35.0,1.0,13.9,1.6,3.4,0.471,0.4,1.2,0.349,1.2,2.2,0.539,0.534,0.9,1.2,0.744,0.3,1.6,1.9,1.1,0.4,0.2,0.9,1.1,4.5
Courtney Lee,SG,34,DAL,24.0,9.0,14.4,1.7,3.4,0.488,0.9,2.0,0.447,0.8,1.5,0.543,0.616,0.3,0.3,0.857,0.3,1.0,1.3,0.5,0.8,0.3,0.5,1.4,4.5
Yogi Ferrell,PG,26,SAC,50.0,0.0,10.6,1.6,3.8,0.42,0.5,1.6,0.304,1.1,2.2,0.505,0.484,0.7,0.8,0.857,0.1,0.9,1.0,1.4,0.4,0.1,0.6,0.8,4.4
Treveon Graham,SF,26,TOT,55.0,20.0,16.9,1.6,4.4,0.36,0.6,2.2,0.275,1.0,2.2,0.443,0.428,0.7,1.0,0.643,0.9,1.8,2.7,0.8,0.4,0.1,0.5,1.9,4.4
Nicolas Claxton,C,20,BRK,15.0,0.0,12.5,1.8,3.2,0.563,0.1,0.5,0.143,1.7,2.7,0.634,0.573,0.7,1.4,0.524,1.3,1.7,2.9,1.1,0.1,0.5,0.6,0.9,4.4
Khem Birch,C,27,ORL,48.0,24.0,19.2,1.5,3.0,0.51,0.0,0.0,0.0,1.5,3.0,0.514,0.51,1.4,2.1,0.653,1.9,2.7,4.6,1.0,0.4,0.5,0.6,1.9,4.4
Jacob Evans,SG,22,TOT,29.0,1.0,14.4,1.6,4.6,0.336,0.4,1.3,0.333,1.1,3.3,0.337,0.384,0.9,1.0,0.862,0.3,1.1,1.4,1.1,0.4,0.4,0.9,1.4,4.4
Ante Žižić,C,23,CLE,22.0,0.0,10.0,1.9,3.3,0.569,0.0,0.0,0.0,1.9,3.3,0.569,0.569,0.6,0.9,0.737,0.8,2.2,3.0,0.3,0.3,0.2,0.5,1.2,4.4
Troy Daniels,SG,28,TOT,47.0,0.0,11.3,1.5,4.0,0.387,1.0,2.8,0.348,0.6,1.1,0.481,0.511,0.2,0.3,0.625,0.3,0.9,1.1,0.4,0.2,0.1,0.3,0.8,4.3
Troy Daniels,SG,28,DEN,6.0,0.0,12.7,1.7,4.7,0.357,1.0,3.3,0.3,0.7,1.3,0.5,0.464,0.0,0.0,0.0,0.0,1.0,1.0,0.5,0.5,0.0,0.5,1.2,4.3
Bruno Fernando,C,21,ATL,56.0,13.0,12.7,1.8,3.6,0.518,0.1,0.7,0.135,1.8,2.9,0.605,0.53,0.5,0.9,0.569,1.2,2.3,3.5,0.9,0.3,0.3,0.8,1.9,4.3
Al-Farouq Aminu,PF,29,ORL,18.0,2.0,21.1,1.4,4.8,0.291,0.5,2.0,0.25,0.9,2.8,0.32,0.343,1.1,1.6,0.655,1.3,3.5,4.8,1.2,1.0,0.4,0.9,1.5,4.3
Troy Daniels,SG,28,LAL,41.0,0.0,11.1,1.5,3.9,0.392,1.0,2.7,0.357,0.5,1.1,0.478,0.519,0.2,0.4,0.625,0.3,0.8,1.1,0.3,0.2,0.1,0.2,0.7,4.2
Ryan Broekhoff,SF,29,DAL,17.0,1.0,10.6,1.3,3.5,0.373,1.2,3.0,0.392,0.1,0.5,0.25,0.542,0.4,0.5,0.875,0.3,2.2,2.5,0.6,0.3,0.2,0.4,0.9,4.2
Iman Shumpert,SF,29,BRK,13.0,0.0,18.5,1.6,4.9,0.328,0.6,2.5,0.242,1.0,2.4,0.419,0.391,0.3,0.5,0.571,0.7,1.9,2.6,0.9,0.9,0.2,0.8,1.6,4.2
Alen Smailagić,C,19,GSW,14.0,0.0,9.9,1.4,2.9,0.5,0.2,0.9,0.231,1.2,1.9,0.63,0.538,1.1,1.4,0.842,0.7,1.2,1.9,0.9,0.2,0.3,0.8,1.0,4.2
Noah Vonleh,C,24,MIN,29.0,1.0,12.0,1.6,3.0,0.547,0.1,0.5,0.143,1.6,2.5,0.625,0.558,0.8,1.0,0.821,1.2,2.8,4.0,0.9,0.4,0.2,0.7,1.2,4.1
Michael Kidd-Gilchrist,PF,26,CHO,12.0,0.0,13.3,1.5,4.4,0.34,0.4,1.4,0.294,1.1,3.0,0.361,0.387,0.6,0.8,0.778,0.8,2.2,2.9,0.8,0.0,0.3,0.6,1.5,4.0
Marvin Williams,PF,33,MIL,17.0,0.0,18.9,1.5,3.4,0.439,0.7,2.3,0.308,0.8,1.1,0.722,0.544,0.4,0.4,0.857,0.9,3.5,4.4,1.1,0.6,0.5,0.5,1.9,4.0
Elie Okobo,PG,22,PHO,55.0,3.0,13.1,1.3,3.3,0.398,0.5,1.3,0.352,0.9,2.0,0.427,0.467,0.9,1.3,0.704,0.3,1.3,1.6,2.1,0.4,0.1,0.7,1.0,4.0
Terrance Ferguson,SF,21,OKC,56.0,38.0,22.4,1.4,3.9,0.355,0.9,3.0,0.292,0.5,0.9,0.558,0.466,0.3,0.4,0.75,0.4,0.9,1.3,0.9,0.5,0.3,0.6,2.8,3.9
Paul Watson,SF,25,TOR,8.0,0.0,8.8,1.3,2.4,0.526,0.5,1.1,0.444,0.8,1.3,0.6,0.632,0.9,1.1,0.778,0.3,1.6,1.9,0.6,0.4,0.1,0.4,0.5,3.9
Marko Guduric,SG,24,MEM,44.0,0.0,11.0,1.4,3.6,0.395,0.6,1.9,0.301,0.8,1.7,0.5,0.475,0.5,0.6,0.923,0.3,1.3,1.7,1.0,0.3,0.2,0.8,0.8,3.9
Gary Payton II,SF,27,WAS,29.0,17.0,14.9,1.7,4.0,0.414,0.4,1.6,0.283,1.2,2.4,0.5,0.47,0.1,0.3,0.5,0.9,1.9,2.8,1.7,1.1,0.2,0.7,1.9,3.9
Gary Clark,PF,25,HOU,18.0,0.0,11.8,1.3,3.3,0.39,1.0,2.8,0.353,0.3,0.4,0.625,0.542,0.3,0.4,0.857,0.6,1.6,2.2,0.7,0.1,0.4,0.1,1.2,3.9
Cristiano Felício,C,27,CHI,22.0,0.0,17.5,1.5,2.5,0.63,0.0,0.1,0.0,1.5,2.4,0.654,0.63,0.8,1.0,0.783,2.5,2.1,4.6,0.7,0.5,0.1,0.8,1.5,3.9
Anthony Tolliver,PF,34,POR,33.0,9.0,16.8,1.3,3.5,0.368,0.9,2.7,0.337,0.4,0.8,0.464,0.496,0.4,0.6,0.684,0.8,2.5,3.3,0.9,0.2,0.3,0.6,1.6,3.9
Jaylen Nowell,SG,20,MIN,15.0,0.0,10.1,1.3,3.5,0.358,0.2,1.7,0.115,1.1,1.8,0.593,0.387,1.1,1.1,0.941,0.2,0.7,0.9,1.3,0.2,0.1,0.2,0.7,3.8
DaQuan Jeffries,SG,22,SAC,13.0,0.0,10.8,1.5,3.1,0.5,0.4,1.4,0.278,1.2,1.7,0.682,0.563,0.4,0.5,0.833,0.2,1.2,1.4,0.5,0.3,0.1,0.2,1.5,3.8
Noah Vonleh,C,24,TOT,36.0,1.0,10.5,1.4,2.6,0.565,0.1,0.4,0.2,1.4,2.1,0.636,0.582,0.7,0.9,0.781,1.0,2.4,3.4,0.8,0.3,0.2,0.6,1.1,3.7
Dragan Bender,C,22,MIL,7.0,0.0,13.0,1.4,3.0,0.476,0.6,1.3,0.444,0.9,1.7,0.5,0.571,0.3,0.4,0.667,0.0,2.9,2.9,1.3,0.0,0.7,0.7,2.3,3.7
Tremont Waters,PG,22,BOS,11.0,1.0,10.8,1.3,4.5,0.286,0.4,2.2,0.167,0.9,2.3,0.4,0.327,0.7,0.7,1.0,0.0,1.1,1.1,1.5,0.9,0.2,1.4,1.2,3.6
Tim Frazier,PG,29,DET,27.0,11.0,13.1,1.3,3.5,0.362,0.4,1.1,0.333,0.9,2.4,0.375,0.415,0.7,0.9,0.792,0.3,0.9,1.2,3.4,0.5,0.1,1.3,1.6,3.6
Theo Pinson,SG,24,BRK,33.0,0.0,11.1,1.4,4.7,0.29,0.5,2.4,0.188,0.9,2.3,0.4,0.339,0.5,0.5,0.938,0.3,1.3,1.6,1.7,0.5,0.1,1.0,1.1,3.6
Nicolas Batum,SF,31,CHO,22.0,3.0,23.0,1.3,3.7,0.346,0.6,2.2,0.286,0.6,1.5,0.438,0.432,0.4,0.5,0.9,1.1,3.4,4.5,3.0,0.8,0.4,1.0,1.9,3.6
Nassir Little,PF,19,POR,48.0,5.0,11.9,1.4,3.1,0.43,0.3,1.2,0.237,1.1,1.9,0.554,0.477,0.6,0.9,0.636,0.6,1.6,2.3,0.5,0.3,0.3,0.3,1.5,3.6
Gary Clark,SF,25,ORL,24.0,5.0,14.8,1.3,3.1,0.419,0.9,2.5,0.35,0.4,0.6,0.714,0.561,0.1,0.1,1.0,1.1,1.8,2.9,0.2,0.2,0.6,0.3,1.0,3.6
D.J. Wilson,PF,23,MIL,37.0,1.0,9.8,1.4,3.6,0.394,0.5,2.0,0.247,0.9,1.6,0.576,0.462,0.3,0.5,0.611,0.3,2.2,2.5,0.7,0.1,0.1,0.5,0.9,3.6
Anthony Tolliver,PF,34,TOT,55.0,13.0,15.9,1.2,3.3,0.357,0.9,2.6,0.338,0.3,0.7,0.432,0.492,0.4,0.5,0.724,0.6,2.2,2.8,0.8,0.3,0.2,0.6,1.3,3.6
Miye Oni,SF,22,UTA,10.0,1.0,10.9,1.2,3.2,0.375,0.7,1.9,0.368,0.5,1.3,0.385,0.484,0.4,0.5,0.8,0.5,1.2,1.7,0.4,0.4,0.2,0.4,0.9,3.5
Mfiondu Kabengele,C,22,LAC,12.0,0.0,5.3,1.2,2.7,0.438,0.8,1.7,0.45,0.4,1.0,0.417,0.578,0.4,0.4,1.0,0.1,0.8,0.9,0.2,0.2,0.2,0.2,0.8,3.5
Kyle O'Quinn,C,29,PHI,29.0,2.0,10.8,1.4,2.9,0.494,0.2,0.9,0.259,1.2,2.0,0.603,0.535,0.4,0.7,0.55,1.2,2.8,4.0,1.8,0.2,0.8,0.7,1.3,3.5
Kenrich Williams,PF,25,NOP,39.0,18.0,21.3,1.3,3.8,0.347,0.6,2.5,0.258,0.7,1.3,0.52,0.432,0.2,0.7,0.346,1.3,3.5,4.8,1.5,0.7,0.5,0.6,2.3,3.5
Bruno Caboclo,C,24,HOU,8.0,0.0,6.5,1.3,2.5,0.5,0.3,1.0,0.25,1.0,1.5,0.667,0.55,0.8,0.8,1.0,0.8,1.3,2.0,0.3,0.6,0.6,0.8,1.0,3.5
Semi Ojeleye,PF,25,BOS,69.0,6.0,14.7,1.2,2.8,0.408,0.7,1.8,0.378,0.5,1.0,0.464,0.531,0.4,0.5,0.875,0.4,1.7,2.1,0.5,0.3,0.1,0.3,1.2,3.4
Lance Thomas,PF,31,BRK,7.0,4.0,14.0,1.1,3.3,0.348,0.6,1.9,0.308,0.6,1.4,0.4,0.435,0.6,0.6,1.0,0.3,1.6,1.9,0.9,0.0,0.0,0.9,1.6,3.4
Kevon Looney,C,23,GSW,20.0,4.0,13.1,1.5,4.0,0.367,0.1,0.7,0.071,1.4,3.3,0.431,0.373,0.5,0.6,0.75,1.4,1.9,3.3,1.0,0.6,0.3,0.6,1.7,3.4
Javonte Green,SG,26,BOS,48.0,2.0,9.8,1.3,2.6,0.5,0.2,0.7,0.273,1.1,1.9,0.581,0.536,0.6,0.9,0.667,0.5,1.4,1.9,0.5,0.5,0.2,0.5,0.9,3.4
Grant Williams,PF,21,BOS,69.0,5.0,15.1,1.3,3.1,0.412,0.3,1.4,0.25,0.9,1.7,0.548,0.469,0.6,0.8,0.722,0.9,1.7,2.6,1.0,0.4,0.5,0.7,2.4,3.4
Zach Norvell,SG,22,GSW,3.0,0.0,12.0,1.0,3.7,0.273,1.0,2.7,0.375,0.0,1.0,0.0,0.409,0.3,0.3,1.0,0.0,1.7,1.7,1.0,0.7,0.0,1.0,1.3,3.3
Ty Jerome,SG,22,PHO,31.0,0.0,10.6,1.2,3.6,0.336,0.5,1.6,0.28,0.8,2.0,0.381,0.398,0.4,0.5,0.75,0.2,1.3,1.5,1.4,0.5,0.1,0.6,0.9,3.3
Treveon Graham,SF,26,ATL,22.0,0.0,12.1,1.1,3.0,0.373,0.6,1.7,0.351,0.5,1.4,0.4,0.47,0.4,0.9,0.474,1.0,1.3,2.3,0.7,0.3,0.2,0.5,1.6,3.3
Tacko Fall,C,24,BOS,7.0,0.0,4.7,1.6,2.0,0.786,0.0,0.0,0.0,1.6,2.0,0.786,0.786,0.1,0.4,0.333,0.1,2.0,2.1,0.1,0.1,0.6,0.4,1.0,3.3
Rodney McGruder,SG,28,LAC,56.0,4.0,15.6,1.3,3.2,0.398,0.4,1.6,0.27,0.9,1.6,0.522,0.464,0.3,0.6,0.559,0.5,2.2,2.7,0.6,0.5,0.1,0.4,1.3,3.3
Evan Turner,SG,31,ATL,19.0,0.0,13.2,1.3,3.5,0.373,0.0,0.3,0.0,1.3,3.3,0.403,0.373,0.6,0.7,0.857,0.4,1.6,2.0,2.0,0.5,0.4,1.4,1.1,3.3
Carsen Edwards,SG,21,BOS,37.0,0.0,9.5,1.1,3.5,0.328,0.6,2.1,0.316,0.5,1.4,0.346,0.422,0.4,0.5,0.684,0.2,1.1,1.3,0.6,0.3,0.1,0.4,0.9,3.3
Jordan Bell,C,25,TOT,29.0,0.0,8.8,1.2,2.3,0.522,0.1,0.4,0.333,1.1,1.9,0.564,0.552,0.7,1.1,0.613,1.0,1.8,2.8,0.6,0.1,0.3,0.7,0.7,3.2
Goga Bitadze,C,20,IND,54.0,2.0,8.7,1.3,2.8,0.467,0.1,0.8,0.19,1.1,2.0,0.574,0.493,0.4,0.6,0.727,0.5,1.5,2.0,0.4,0.2,0.7,0.5,1.2,3.2
Chimezie Metu,C,22,SAS,18.0,0.0,5.8,1.3,2.3,0.571,0.0,0.1,0.0,1.3,2.2,0.6,0.571,0.6,0.7,0.769,0.7,1.2,1.8,0.6,0.2,0.3,0.6,0.4,3.2
Amir Coffey,SG,22,LAC,18.0,1.0,8.8,1.3,3.0,0.426,0.3,1.1,0.316,0.9,1.9,0.486,0.481,0.3,0.6,0.545,0.2,0.7,0.9,0.8,0.3,0.1,0.4,1.1,3.2
Allen Crabbe,SF,27,MIN,9.0,0.0,14.6,1.2,3.8,0.324,0.7,2.9,0.231,0.6,0.9,0.625,0.412,0.1,0.2,0.5,0.1,1.2,1.3,0.6,0.0,0.0,0.6,1.2,3.2
Rayjon Tucker,SG,22,UTA,20.0,0.0,8.1,1.0,2.2,0.465,0.2,0.9,0.176,0.9,1.3,0.654,0.5,1.0,1.2,0.826,0.2,0.9,1.0,0.3,0.1,0.1,0.4,0.5,3.1
Paul Watson,SF,25,TOT,10.0,0.0,8.7,1.0,2.6,0.385,0.4,1.2,0.333,0.6,1.4,0.429,0.462,0.7,0.9,0.778,0.2,1.5,1.7,0.8,0.4,0.1,0.3,0.5,3.1
Matthew Dellavedova,PG,29,CLE,57.0,4.0,14.4,1.1,3.1,0.354,0.4,1.6,0.231,0.7,1.5,0.488,0.414,0.6,0.6,0.865,0.3,1.0,1.3,3.2,0.4,0.0,1.0,1.4,3.1
Juan Hernangómez,PF,24,DEN,34.0,0.0,12.4,1.1,3.2,0.345,0.4,1.8,0.25,0.7,1.5,0.46,0.414,0.5,0.7,0.64,0.7,2.1,2.8,0.6,0.1,0.1,0.5,0.9,3.1
Jordan Bell,C,25,MIN,27.0,0.0,8.7,1.2,2.2,0.533,0.1,0.3,0.222,1.1,1.9,0.588,0.55,0.6,1.1,0.586,1.0,1.9,2.9,0.5,0.1,0.4,0.7,0.6,3.1
Zylan Cheatham,PF,24,NOP,4.0,0.0,12.8,1.5,2.3,0.667,0.0,0.3,0.0,1.5,2.0,0.75,0.667,0.0,0.0,0.0,0.8,1.5,2.3,0.8,0.3,0.3,1.0,2.5,3.0
Udonis Haslem,C,39,MIA,4.0,1.0,11.0,1.0,2.8,0.364,0.3,0.8,0.333,0.8,2.0,0.375,0.409,0.8,1.0,0.75,0.3,3.8,4.0,0.3,0.0,0.0,0.3,1.5,3.0
T.J. Leaf,PF,22,IND,28.0,1.0,7.9,1.3,3.1,0.419,0.2,0.6,0.278,1.1,2.4,0.456,0.448,0.3,0.6,0.438,0.8,1.7,2.5,0.3,0.4,0.1,0.3,0.8,3.0
Johnathan Williams,PF,24,WAS,15.0,6.0,12.0,1.3,2.3,0.559,0.0,0.1,0.0,1.3,2.1,0.594,0.559,0.5,0.9,0.538,1.6,2.7,4.3,0.5,0.1,0.5,0.3,1.1,3.0
Chris Silva,PF,23,MIA,44.0,0.0,7.9,1.1,1.8,0.615,0.0,0.1,0.0,1.1,1.7,0.64,0.615,0.8,1.3,0.673,1.4,1.5,2.9,0.5,0.2,0.5,0.7,1.9,3.0
Caleb Swanigan,PF,22,POR,20.0,1.0,13.3,1.3,2.2,0.605,0.0,0.1,0.0,1.3,2.1,0.634,0.605,0.4,0.8,0.533,1.3,3.4,4.7,1.5,0.1,0.3,1.6,2.7,3.0
Bruno Caboclo,C,24,TOT,30.0,0.0,8.1,1.3,3.0,0.427,0.2,1.1,0.182,1.1,1.9,0.571,0.461,0.3,0.3,0.889,0.8,1.2,2.0,0.4,0.5,0.6,0.4,1.0,3.0
B.J. Johnson,SF,24,ORL,10.0,0.0,8.3,0.9,3.2,0.281,0.3,0.9,0.333,0.6,2.3,0.261,0.328,0.9,1.0,0.9,0.3,1.2,1.5,0.3,0.3,0.0,0.6,0.3,3.0
Admiral Schofield,PF,22,WAS,33.0,2.0,11.2,1.1,2.8,0.38,0.6,1.8,0.311,0.5,0.9,0.516,0.484,0.3,0.5,0.667,0.2,1.2,1.4,0.5,0.2,0.1,0.2,1.5,3.0
Tyrone Wallace,SG,25,ATL,14.0,0.0,11.4,1.0,3.1,0.318,0.1,1.1,0.067,0.9,2.1,0.448,0.33,0.8,1.2,0.647,0.2,1.4,1.6,0.9,0.5,0.1,0.7,1.4,2.9
Jerome Robinson,SG,22,LAC,42.0,1.0,11.3,1.1,3.2,0.338,0.5,1.6,0.284,0.6,1.6,0.391,0.408,0.3,0.5,0.579,0.1,1.3,1.4,1.1,0.3,0.2,0.6,1.3,2.9
Jaylen Hoard,PF,20,POR,13.0,0.0,7.9,1.2,2.5,0.469,0.0,0.2,0.0,1.2,2.2,0.517,0.469,0.6,1.0,0.615,1.1,1.4,2.5,0.3,0.4,0.0,0.3,0.9,2.9
Andre Roberson,SF,28,OKC,7.0,0.0,12.4,1.1,4.1,0.276,0.4,2.0,0.214,0.7,2.1,0.333,0.328,0.1,0.3,0.5,1.0,2.9,3.9,0.6,0.1,0.4,0.3,1.9,2.9
Adam Mokoka,SF,21,CHI,11.0,0.0,10.2,1.1,2.5,0.429,0.5,1.4,0.4,0.5,1.2,0.462,0.536,0.2,0.4,0.5,0.6,0.3,0.9,0.4,0.4,0.0,0.2,1.5,2.9
Thanasis Antetokounmpo,SF,27,MIL,20.0,2.0,6.5,1.2,2.4,0.5,0.0,0.5,0.0,1.2,1.9,0.632,0.5,0.4,0.9,0.412,0.6,0.6,1.2,0.8,0.4,0.1,0.6,0.9,2.8
Naz Mitrou-Long,SG,26,IND,5.0,0.0,9.4,1.2,3.4,0.353,0.4,2.4,0.167,0.8,1.0,0.8,0.412,0.0,0.0,0.0,0.0,1.4,1.4,1.6,0.2,0.2,0.6,0.4,2.8
Marial Shayok,SG,24,PHI,4.0,0.0,7.0,0.8,3.0,0.25,0.5,1.5,0.333,0.3,1.5,0.167,0.333,0.8,1.0,0.75,0.3,1.5,1.8,0.3,0.0,0.3,0.8,1.0,2.8
Justin Anderson,SG,26,BRK,10.0,1.0,10.7,1.0,3.8,0.263,0.6,2.9,0.207,0.4,0.9,0.444,0.342,0.2,0.4,0.5,0.1,2.0,2.1,0.8,0.0,0.6,0.4,1.3,2.8
John Konchar,SG,23,MEM,19.0,0.0,9.5,1.3,1.9,0.649,0.3,0.5,0.5,1.0,1.4,0.704,0.716,0.1,0.1,0.5,0.9,1.5,2.5,1.2,0.4,0.2,0.4,0.4,2.8
Joakim Noah,C,34,LAC,5.0,0.0,10.0,0.8,1.6,0.5,0.0,0.0,0.0,0.8,1.6,0.5,0.5,1.2,1.6,0.75,1.0,2.2,3.2,1.4,0.2,0.2,1.2,1.8,2.8
J.R. Smith,SG,34,LAL,6.0,0.0,13.2,1.2,3.7,0.318,0.2,1.8,0.091,1.0,1.8,0.545,0.341,0.3,0.3,1.0,0.0,0.8,0.8,0.5,0.2,0.0,0.7,0.8,2.8
Chandler Parsons,PF,31,ATL,5.0,0.0,10.8,1.0,3.6,0.278,0.8,2.8,0.286,0.2,0.8,0.25,0.389,0.0,0.0,0.0,0.2,1.2,1.4,0.6,0.8,0.2,0.6,0.6,2.8
Bruno Caboclo,C,24,MEM,22.0,0.0,8.7,1.3,3.1,0.406,0.2,1.1,0.16,1.1,2.0,0.545,0.435,0.1,0.1,0.667,0.8,1.2,2.0,0.5,0.5,0.5,0.3,1.0,2.8
Jarrod Uthoff,PF,26,TOT,7.0,0.0,7.6,1.0,2.6,0.389,0.4,1.3,0.333,0.6,1.3,0.444,0.472,0.3,0.3,1.0,0.3,0.6,0.9,0.0,0.1,0.0,0.0,0.3,2.7
Jarrell Brantley,PF,23,UTA,9.0,0.0,10.7,1.1,3.1,0.357,0.3,1.4,0.231,0.8,1.7,0.467,0.411,0.1,0.2,0.5,0.2,2.0,2.2,1.2,0.3,0.6,0.8,0.8,2.7
Deonte Burton,SF,26,OKC,39.0,0.0,9.1,1.1,3.2,0.344,0.3,1.4,0.189,0.8,1.8,0.458,0.384,0.2,0.4,0.571,0.2,1.3,1.5,0.4,0.2,0.3,0.5,0.9,2.7
Chris Chiozza,PG,24,WAS,10.0,0.0,12.3,1.0,3.4,0.294,0.7,1.6,0.438,0.3,1.8,0.167,0.397,0.0,0.0,0.0,0.0,1.5,1.5,2.8,1.0,0.2,0.9,1.2,2.7
Ryan Anderson,C,31,HOU,2.0,0.0,7.0,1.0,3.5,0.286,0.5,2.5,0.2,0.5,1.0,0.5,0.357,0.0,0.0,0.0,0.0,3.5,3.5,1.0,0.5,0.0,0.5,0.5,2.5
Romeo Langford,SG,20,BOS,32.0,2.0,11.6,0.9,2.5,0.35,0.2,0.8,0.185,0.7,1.7,0.434,0.381,0.6,0.8,0.72,0.5,0.8,1.3,0.4,0.3,0.3,0.3,1.0,2.5
Max Strus,SF,23,CHI,2.0,0.0,3.0,1.0,1.5,0.667,0.0,0.5,0.0,1.0,1.0,1.0,0.667,0.5,0.5,1.0,0.5,0.0,0.5,0.0,0.0,0.0,0.0,0.5,2.5
Justin James,SF,23,SAC,36.0,0.0,6.4,1.0,2.3,0.417,0.3,0.8,0.31,0.7,1.5,0.473,0.47,0.3,0.6,0.476,0.2,0.7,0.9,0.5,0.2,0.3,0.2,0.5,2.5
Terance Mann,SF,23,LAC,41.0,6.0,8.8,0.9,1.9,0.468,0.2,0.5,0.35,0.7,1.4,0.508,0.513,0.4,0.7,0.667,0.2,1.1,1.3,1.3,0.3,0.1,0.4,1.1,2.4
Stanley Johnson,PF,23,TOR,25.0,0.0,6.0,0.9,2.4,0.373,0.3,1.0,0.292,0.6,1.4,0.429,0.432,0.4,0.6,0.563,0.3,1.2,1.5,0.8,0.2,0.2,0.6,0.6,2.4
Norvel Pelle,C,26,PHI,24.0,0.0,9.7,1.0,2.0,0.521,0.0,0.0,0.0,1.0,2.0,0.532,0.521,0.3,0.6,0.5,0.8,2.2,3.0,0.3,0.1,1.3,0.8,2.3,2.4
Michael Kidd-Gilchrist,PF,26,TOT,25.0,0.0,11.2,0.9,2.6,0.333,0.2,0.8,0.25,0.7,1.8,0.37,0.371,0.4,0.6,0.786,0.6,2.1,2.7,0.6,0.1,0.2,0.6,1.5,2.4
Gabe Vincent,PG,23,MIA,9.0,0.0,9.2,0.9,4.1,0.216,0.7,3.0,0.222,0.2,1.1,0.2,0.297,0.0,0.0,0.0,0.0,0.6,0.6,0.7,0.6,0.0,0.1,0.7,2.4
Wenyen Gabriel,PF,22,POR,19.0,1.0,9.2,0.8,1.6,0.484,0.3,0.6,0.417,0.5,1.0,0.526,0.565,0.5,0.6,0.75,0.9,1.3,2.2,0.3,0.4,0.3,0.6,1.7,2.3
Shamorie Ponds,PG,21,TOR,4.0,0.0,2.8,0.8,1.3,0.6,0.3,0.5,0.5,0.5,0.8,0.667,0.7,0.5,0.5,1.0,0.0,0.3,0.3,0.5,0.0,0.3,0.0,0.5,2.3
Jordan McRae,SG,28,DEN,4.0,0.0,8.0,0.5,1.5,0.333,0.5,1.0,0.5,0.0,0.5,0.0,0.5,0.8,1.0,0.75,0.3,1.0,1.3,1.0,0.5,0.3,0.0,0.5,2.3
Dewan Hernandez,C,23,TOR,6.0,0.0,4.7,0.8,2.3,0.357,0.2,0.3,0.5,0.7,2.0,0.333,0.393,0.5,0.8,0.6,0.8,1.5,2.3,0.5,0.2,0.0,0.5,1.0,2.3
Thabo Sefolosha,PF,35,HOU,41.0,0.0,10.6,0.9,2.2,0.407,0.4,1.3,0.278,0.5,0.9,0.595,0.489,0.1,0.2,0.375,0.5,1.8,2.3,0.6,0.6,0.3,0.4,1.0,2.2
Johnathan Motley,PF,24,LAC,13.0,0.0,3.2,0.8,1.2,0.733,0.1,0.1,1.0,0.8,1.1,0.714,0.767,0.4,0.5,0.714,0.2,0.5,0.8,0.6,0.2,0.0,0.4,0.5,2.2
Derrick Walton,PG,24,LAC,23.0,1.0,9.7,0.7,1.6,0.472,0.4,0.9,0.429,0.3,0.7,0.533,0.597,0.3,0.4,0.778,0.1,0.6,0.7,1.0,0.2,0.0,0.2,0.8,2.2
DeMarre Carroll,SF,33,SAS,15.0,0.0,9.0,0.6,1.9,0.31,0.2,0.9,0.231,0.4,1.1,0.375,0.362,0.8,1.3,0.6,0.5,1.6,2.1,0.7,0.1,0.1,0.7,1.3,2.2
Dante Exum,SG,24,UTA,11.0,0.0,7.5,0.9,2.1,0.435,0.2,0.5,0.333,0.7,1.5,0.471,0.478,0.2,0.2,1.0,0.3,0.8,1.1,0.6,0.1,0.2,0.9,0.7,2.2
Wenyen Gabriel,PF,22,TOT,30.0,1.0,7.8,0.7,1.6,0.438,0.2,0.7,0.3,0.5,0.9,0.536,0.5,0.5,0.7,0.682,0.7,1.0,1.7,0.3,0.4,0.2,0.5,1.3,2.1
Michael Frazier,SG,25,HOU,13.0,0.0,11.2,0.5,2.2,0.241,0.3,1.8,0.174,0.2,0.5,0.5,0.31,0.7,1.1,0.643,0.1,0.7,0.8,0.2,0.2,0.0,0.4,1.7,2.1
Melvin Frazier,SG,23,ORL,19.0,0.0,6.6,0.8,1.8,0.441,0.4,0.8,0.5,0.4,0.9,0.389,0.559,0.1,0.2,0.5,0.1,0.4,0.5,0.2,0.5,0.1,0.3,0.6,2.1
Khyri Thomas,SG,23,DET,8.0,0.0,7.6,0.6,2.1,0.294,0.6,1.8,0.357,0.0,0.4,0.0,0.441,0.3,0.5,0.5,0.1,0.0,0.1,0.4,0.4,0.0,0.4,1.1,2.1
Zach Norvell,SG,22,TOT,5.0,0.0,8.2,0.6,2.4,0.25,0.6,1.6,0.375,0.0,0.8,0.0,0.375,0.2,0.2,1.0,0.0,1.2,1.2,0.6,0.4,0.0,0.6,0.8,2.0
Yuta Watanabe,SF,25,MEM,18.0,0.0,5.8,0.8,1.9,0.441,0.2,0.4,0.375,0.7,1.4,0.462,0.485,0.2,0.4,0.375,0.4,0.7,1.1,0.3,0.3,0.1,0.1,0.5,2.0
Tyler Cook,SF,22,DEN,2.0,0.0,9.5,0.5,1.0,0.5,0.0,0.0,0.0,0.5,1.0,0.5,0.5,1.0,1.0,1.0,1.0,1.0,2.0,0.0,1.0,0.0,1.0,0.5,2.0
Malik Newman,SG,22,CLE,1.0,0.0,4.0,0.0,2.0,0.0,0.0,1.0,0.0,0.0,1.0,0.0,0.0,2.0,2.0,1.0,0.0,0.0,0.0,0.0,0.0,0.0,1.0,0.0,2.0
Louis King,SF,20,DET,10.0,0.0,6.2,0.8,2.1,0.381,0.4,1.1,0.364,0.4,1.0,0.4,0.476,0.0,0.3,0.0,0.1,0.9,1.0,0.5,0.2,0.0,0.2,1.0,2.0
Josh Reaves,SF,22,DAL,4.0,0.0,7.0,0.8,2.3,0.333,0.0,0.5,0.0,0.8,1.8,0.429,0.333,0.5,0.5,1.0,0.3,0.5,0.8,0.8,0.0,0.0,0.0,1.3,2.0
Jonah Bolden,C,24,PHO,3.0,0.0,11.0,0.7,2.7,0.25,0.0,1.0,0.0,0.7,1.7,0.4,0.25,0.7,0.7,1.0,1.0,1.7,2.7,0.0,0.7,0.7,0.0,2.0,2.0
Jalen Lecque,SG,19,PHO,5.0,0.0,6.4,0.8,2.0,0.4,0.0,0.8,0.0,0.8,1.2,0.667,0.4,0.4,0.4,1.0,0.0,0.4,0.4,0.4,0.0,0.0,0.4,0.6,2.0
Derrick Walton,PG,24,TOT,26.0,1.0,9.5,0.7,1.5,0.462,0.4,0.9,0.417,0.3,0.6,0.533,0.59,0.3,0.3,0.778,0.1,0.5,0.6,1.0,0.3,0.0,0.2,0.8,2.0
Charlie Brown,SG,22,ATL,10.0,0.0,4.0,0.6,1.9,0.316,0.3,0.9,0.333,0.3,1.0,0.3,0.395,0.5,0.5,1.0,0.2,0.2,0.4,0.2,0.2,0.2,0.3,0.3,2.0
Alize Johnson,PF,23,IND,17.0,1.0,6.9,0.7,1.7,0.414,0.2,0.5,0.375,0.5,1.2,0.429,0.466,0.4,0.6,0.7,0.9,1.9,2.8,0.4,0.2,0.1,0.4,0.7,2.0
Vincent Poirier,C,26,BOS,22.0,0.0,5.9,0.8,1.6,0.472,0.0,0.1,0.5,0.7,1.5,0.471,0.486,0.3,0.3,0.857,0.6,1.4,2.0,0.4,0.1,0.4,0.4,1.1,1.9
Vic Law,PF,24,ORL,8.0,0.0,7.8,0.8,2.3,0.333,0.1,0.9,0.143,0.6,1.4,0.455,0.361,0.3,0.8,0.333,0.3,1.1,1.4,0.4,0.3,0.0,0.3,0.8,1.9
Oshae Brissett,SF,21,TOR,19.0,0.0,7.1,0.7,1.9,0.361,0.2,0.8,0.2,0.5,1.1,0.476,0.403,0.4,0.5,0.8,0.5,0.9,1.4,0.4,0.2,0.1,0.4,0.9,1.9
Noah Vonleh,C,24,DEN,7.0,0.0,4.3,0.7,0.9,0.833,0.1,0.1,1.0,0.6,0.7,0.8,0.917,0.3,0.6,0.5,0.4,0.7,1.1,0.3,0.0,0.0,0.3,0.6,1.9
Ignas Brazdeikis,SF,21,NYK,9.0,0.0,5.9,0.7,2.4,0.273,0.1,1.0,0.111,0.6,1.4,0.385,0.295,0.4,0.6,0.8,0.2,0.3,0.6,0.4,0.0,0.1,0.2,0.3,1.9
Justin Patton,C,22,OKC,5.0,0.0,4.8,0.8,2.0,0.4,0.2,0.8,0.25,0.6,1.2,0.5,0.45,0.0,0.0,0.0,0.2,0.8,1.0,0.4,0.0,0.0,0.4,0.8,1.8
Ed Davis,C,30,UTA,28.0,1.0,10.8,0.8,1.6,0.478,0.0,0.0,0.0,0.8,1.6,0.478,0.478,0.3,0.5,0.5,1.3,2.5,3.8,0.4,0.4,0.3,0.5,2.2,1.8
Devon Hall,PG,24,OKC,11.0,0.0,7.4,0.5,2.7,0.2,0.4,1.5,0.235,0.2,1.2,0.154,0.267,0.4,0.7,0.5,0.2,0.5,0.6,1.2,0.4,0.1,0.5,0.5,1.8
Wenyen Gabriel,PF,22,SAC,11.0,0.0,5.5,0.5,1.5,0.353,0.1,0.7,0.125,0.5,0.8,0.556,0.382,0.5,0.9,0.6,0.4,0.5,0.9,0.3,0.3,0.2,0.5,0.6,1.7
Tyler Cook,PF,22,CLE,11.0,0.0,3.2,0.6,0.9,0.7,0.0,0.0,0.0,0.6,0.9,0.7,0.7,0.5,0.5,0.833,0.4,0.5,0.9,0.1,0.1,0.0,0.1,0.4,1.7
Luc Mbah a Moute,PF,33,HOU,3.0,0.0,8.3,0.7,1.7,0.4,0.0,0.7,0.0,0.7,1.0,0.667,0.4,0.3,0.7,0.5,0.3,0.3,0.7,0.0,0.7,0.0,0.3,0.0,1.7
Kevin Hervey,PF,23,OKC,10.0,0.0,5.2,0.7,2.7,0.259,0.3,2.0,0.15,0.4,0.7,0.571,0.315,0.0,0.0,0.0,0.1,1.1,1.2,0.5,0.1,0.1,0.0,0.4,1.7
Juwan Morgan,PF,22,UTA,21.0,0.0,6.4,0.7,1.2,0.577,0.1,0.4,0.375,0.6,0.9,0.667,0.635,0.1,0.2,0.75,0.5,0.9,1.4,0.3,0.0,0.1,0.3,0.9,1.7
Dean Wade,PF,23,CLE,12.0,0.0,5.9,0.8,1.1,0.692,0.2,0.3,0.5,0.6,0.8,0.778,0.769,0.0,0.1,0.0,0.3,1.3,1.6,0.2,0.2,0.3,0.3,0.7,1.7
Chasson Randle,PG,26,GSW,3.0,0.0,13.3,0.0,1.3,0.0,0.0,0.7,0.0,0.0,0.7,0.0,0.0,1.7,2.0,0.833,0.0,0.7,0.7,1.7,0.7,0.0,0.0,1.0,1.7
Josh Magette,PG,30,ORL,8.0,0.0,4.8,0.6,1.9,0.333,0.1,0.5,0.25,0.5,1.4,0.364,0.367,0.1,0.3,0.5,0.1,0.6,0.8,0.6,0.4,0.1,0.6,0.5,1.5
Jared Dudley,PF,34,LAL,45.0,1.0,8.1,0.5,1.3,0.4,0.4,0.9,0.429,0.1,0.4,0.333,0.55,0.0,0.0,1.0,0.1,1.0,1.2,0.6,0.3,0.1,0.2,0.9,1.5
Donta Hall,PF,22,DET,4.0,0.0,12.0,0.3,1.0,0.25,0.0,0.0,0.0,0.3,1.0,0.25,0.25,1.0,1.5,0.667,1.5,2.3,3.8,0.5,0.3,0.3,0.5,2.3,1.5
Nigel Williams-Goss,PG,25,UTA,10.0,0.0,5.0,0.5,1.6,0.313,0.2,0.7,0.286,0.3,0.9,0.333,0.375,0.2,0.2,1.0,0.2,0.4,0.6,0.6,0.3,0.1,0.3,0.6,1.4
Kostas Antetokounmpo,PF,22,LAL,5.0,0.0,4.0,0.6,0.6,1.0,0.0,0.0,0.0,0.6,0.6,1.0,1.0,0.2,0.4,0.5,0.4,0.2,0.6,0.4,0.0,0.0,0.2,0.4,1.4
KZ Okpala,PF,20,MIA,5.0,0.0,5.2,0.6,1.0,0.6,0.0,0.2,0.0,0.6,0.8,0.75,0.6,0.2,0.4,0.5,0.2,0.8,1.0,0.2,0.4,0.2,0.2,0.4,1.4
Justin Robinson,PG,22,WAS,9.0,0.0,5.4,0.6,1.3,0.417,0.3,0.6,0.6,0.2,0.8,0.286,0.542,0.0,0.0,0.0,0.1,0.4,0.6,0.8,0.0,0.1,0.3,0.2,1.4
Jonah Bolden,C,24,TOT,7.0,0.0,6.7,0.6,1.6,0.364,0.0,0.6,0.0,0.6,1.0,0.571,0.364,0.3,0.6,0.5,0.4,0.9,1.3,0.0,0.4,0.3,0.3,1.4,1.4
Tyson Chandler,C,37,HOU,26.0,5.0,8.4,0.5,0.7,0.778,0.0,0.0,0.0,0.5,0.7,0.778,0.778,0.2,0.5,0.462,1.0,1.6,2.5,0.2,0.2,0.3,0.3,1.2,1.3
Tariq Owens,PF,24,PHO,3.0,0.0,5.0,0.3,1.7,0.2,0.0,0.7,0.0,0.3,1.0,0.333,0.2,0.7,0.7,1.0,0.7,0.3,1.0,0.0,0.3,0.0,0.0,0.3,1.3
Malcolm Miller,SF,26,TOR,28.0,1.0,5.8,0.4,1.0,0.414,0.3,0.8,0.364,0.1,0.3,0.571,0.552,0.1,0.3,0.375,0.1,0.5,0.6,0.4,0.2,0.1,0.1,0.6,1.3
Kyle Guy,SG,22,SAC,3.0,0.0,3.3,0.7,1.7,0.4,0.0,1.0,0.0,0.7,0.7,1.0,0.4,0.0,0.0,0.0,0.0,0.3,0.3,0.3,0.0,0.0,0.0,0.3,1.3
Vlatko Čančar,PF,22,DEN,14.0,0.0,3.2,0.4,1.1,0.4,0.1,0.4,0.167,0.4,0.6,0.556,0.433,0.3,0.3,1.0,0.4,0.4,0.7,0.2,0.1,0.1,0.2,0.5,1.2
Moses Brown,C,20,POR,9.0,0.0,3.7,0.4,1.1,0.4,0.0,0.0,0.0,0.4,1.1,0.4,0.4,0.3,0.9,0.375,0.3,1.2,1.6,0.1,0.1,0.1,0.3,0.8,1.2
Jordan Bone,PG,22,DET,10.0,0.0,5.3,0.5,2.0,0.25,0.2,1.0,0.2,0.3,1.0,0.3,0.3,0.0,0.0,0.0,0.0,0.4,0.4,0.8,0.1,0.0,0.2,0.6,1.2
Zhaire Smith,SF,20,PHI,7.0,0.0,4.6,0.4,1.6,0.273,0.0,0.4,0.0,0.4,1.1,0.375,0.273,0.3,0.6,0.5,0.0,0.3,0.3,0.3,0.4,0.0,0.3,0.6,1.1
Quinndary Weatherspoon,SG,23,SAS,11.0,0.0,7.1,0.5,1.5,0.294,0.1,0.5,0.2,0.4,1.1,0.333,0.324,0.1,0.2,0.5,0.1,0.5,0.6,1.0,0.3,0.1,0.5,0.7,1.1
Jarred Vanderbilt,PF,20,TOT,11.0,0.0,4.2,0.5,0.7,0.625,0.0,0.1,0.0,0.5,0.6,0.714,0.625,0.2,0.2,1.0,0.3,0.5,0.8,0.2,0.3,0.1,0.6,0.5,1.1
Jarred Vanderbilt,PF,20,DEN,9.0,0.0,4.6,0.6,0.8,0.714,0.0,0.0,0.0,0.6,0.8,0.714,0.714,0.0,0.0,0.0,0.3,0.6,0.9,0.2,0.3,0.1,0.8,0.7,1.1
Tyler Zeller,C,30,SAS,2.0,0.0,2.0,0.5,2.0,0.25,0.0,0.0,0.0,0.5,2.0,0.25,0.25,0.0,0.0,0.0,1.5,0.5,2.0,0.0,0.0,0.0,0.0,0.0,1.0
Kyle Alexander,C,23,MIA,2.0,0.0,6.5,0.5,1.0,0.5,0.0,0.0,0.0,0.5,1.0,0.5,0.5,0.0,0.0,0.0,1.0,0.5,1.5,0.0,0.0,0.0,0.5,0.5,1.0
Josh Gray,PG,26,NOP,2.0,0.0,11.5,0.5,1.0,0.5,0.0,0.0,0.0,0.5,1.0,0.5,0.5,0.0,0.0,0.0,0.5,0.5,1.0,1.0,0.0,0.0,2.5,0.5,1.0
Jonah Bolden,C,24,PHI,4.0,0.0,3.5,0.5,0.8,0.667,0.0,0.3,0.0,0.5,0.5,1.0,0.667,0.0,0.5,0.0,0.0,0.3,0.3,0.0,0.3,0.0,0.5,1.0,1.0
Jarrod Uthoff,PF,26,MEM,4.0,0.0,3.5,0.3,1.8,0.143,0.0,1.0,0.0,0.3,0.8,0.333,0.143,0.5,0.5,1.0,0.3,0.0,0.3,0.0,0.3,0.0,0.0,0.3,1.0
Jarred Vanderbilt,PF,20,MIN,2.0,0.0,2.5,0.0,0.5,0.0,0.0,0.5,0.0,0.0,0.0,0.0,0.0,1.0,1.0,1.0,0.0,0.5,0.5,0.0,0.0,0.0,0.0,0.0,1.0
Derrick Walton,PG,24,DET,3.0,0.0,8.7,0.3,1.0,0.333,0.3,1.0,0.333,0.0,0.0,0.0,0.5,0.0,0.0,0.0,0.0,0.3,0.3,1.7,1.0,0.0,0.3,0.7,1.0
Corey Brewer,PF,33,SAC,5.0,0.0,6.6,0.4,0.8,0.5,0.0,0.2,0.0,0.4,0.6,0.667,0.5,0.2,0.6,0.333,0.4,1.2,1.6,0.4,0.8,0.0,0.4,1.4,1.0
Brian Bowen,SF,21,IND,6.0,1.0,5.2,0.5,1.7,0.3,0.0,0.3,0.0,0.5,1.3,0.375,0.3,0.0,0.0,0.0,0.2,1.0,1.2,0.0,0.0,0.2,0.2,0.5,1.0
Antonius Cleveland,SG,25,DAL,11.0,0.0,4.2,0.4,1.3,0.286,0.0,0.3,0.0,0.4,1.0,0.364,0.286,0.3,0.5,0.6,0.2,0.5,0.6,0.1,0.1,0.3,0.2,0.7,1.0
Anthony Tolliver,PF,34,SAC,9.0,0.0,9.1,0.3,1.9,0.176,0.2,1.7,0.133,0.1,0.2,0.5,0.235,0.1,0.2,0.5,0.2,1.0,1.2,0.3,0.4,0.1,0.4,0.7,1.0
Michael Kidd-Gilchrist,PF,26,DAL,13.0,0.0,9.3,0.3,1.0,0.308,0.0,0.2,0.0,0.3,0.8,0.4,0.308,0.3,0.4,0.8,0.4,2.1,2.5,0.3,0.2,0.2,0.7,1.5,0.9
Daryl Macon,PG,24,MIA,4.0,0.0,3.5,0.3,0.8,0.333,0.3,0.5,0.5,0.0,0.3,0.0,0.5,0.0,0.0,0.0,0.0,0.0,0.0,0.3,0.0,0.0,0.5,0.3,0.8
Amile Jefferson,PF,26,ORL,18.0,0.0,4.1,0.3,0.8,0.357,0.0,0.0,0.0,0.3,0.8,0.357,0.357,0.3,0.8,0.357,0.6,0.7,1.3,0.2,0.1,0.2,0.2,0.4,0.8
Jared Harper,PG,22,PHO,3.0,0.0,2.7,0.3,1.3,0.25,0.0,0.7,0.0,0.3,0.7,0.5,0.25,0.0,0.0,0.0,0.0,0.0,0.0,0.0,0.0,0.0,0.0,0.0,0.7
Caleb Swanigan,C,22,SAC,7.0,0.0,3.3,0.3,0.6,0.5,0.0,0.0,0.0,0.3,0.6,0.5,0.5,0.1,0.3,0.5,0.3,0.7,1.0,0.3,0.1,0.3,0.9,1.1,0.7
Matt Mooney,SG,22,CLE,4.0,0.0,4.8,0.3,1.0,0.25,0.0,0.5,0.0,0.3,0.5,0.5,0.25,0.0,0.0,0.0,0.0,0.8,0.8,0.3,0.5,0.3,0.0,0.3,0.5
Joe Chealey,PG,24,CHO,4.0,0.0,8.3,0.0,1.8,0.0,0.0,1.0,0.0,0.0,0.8,0.0,0.0,0.5,0.5,1.0,0.0,0.0,0.0,0.3,1.0,0.0,0.5,0.5,0.5
Henry Ellenson,C,23,BRK,5.0,0.0,3.0,0.2,1.4,0.143,0.0,0.8,0.0,0.2,0.6,0.333,0.143,0.0,0.0,0.0,0.4,0.8,1.2,0.2,0.0,0.0,0.0,0.2,0.4
Zach Norvell,SG,22,LAL,2.0,0.0,2.5,0.0,0.5,0.0,0.0,0.0,0.0,0.0,0.5,0.0,0.0,0.0,0.0,0.0,0.0,0.5,0.5,0.0,0.0,0.0,0.0,0.0,0.0
William Howard,PF,26,HOU,2.0,0.0,6.5,0.0,2.0,0.0,0.0,2.0,0.0,0.0,0.0,0.0,0.0,0.0,0.0,0.0,0.0,1.0,1.0,0.5,0.0,0.0,0.5,0.5,0.0
Stanton Kidd,SG,27,UTA,4.0,0.0,3.8,0.0,0.8,0.0,0.0,0.3,0.0,0.0,0.5,0.0,0.0,0.0,0.0,0.0,0.0,0.8,0.8,0.3,0.0,0.0,0.5,0.8,0.0
Paul Watson,SF,25,ATL,2.0,0.0,8.5,0.0,3.5,0.0,0.0,1.5,0.0,0.0,2.0,0.0,0.0,0.0,0.0,0.0,0.0,1.0,1.0,1.5,0.5,0.0,0.0,0.5,0.0
Marques Bolden,C,21,CLE,1.0,0.0,3.0,0.0,0.0,0.0,0.0,0.0,0.0,0.0,0.0,0.0,0.0,0.0,0.0,0.0,0.0,2.0,2.0,0.0,1.0,0.0,0.0,1.0,0.0
Jacob Evans,SG,22,MIN,2.0,0.0,2.0,0.0,0.5,0.0,0.0,0.5,0.0,0.0,0.0,0.0,0.0,0.0,0.0,0.0,0.0,0.0,0.0,0.0,0.0,0.0,0.0,0.0,0.0
J.P. Macura,SG,24,CLE,1.0,0.0,1.0,0.0,0.0,0.0,0.0,0.0,0.0,0.0,0.0,0.0,0.0,0.0,0.0,0.0,0.0,0.0,0.0,0.0,0.0,0.0,0.0,0.0,0.0
Isaiah Roby,PF,21,OKC,3.0,0.0,3.7,0.0,0.3,0.0,0.0,0.0,0.0,0.0,0.3,0.0,0.0,0.0,0.0,0.0,0.0,0.7,0.7,0.0,0.0,0.0,0.3,0.3,0.0
